"Kod";"Nazwa";"rynek pierwotny;do 40 m2;2018;[szt.]";"rynek pierwotny;do 40 m2;2019;[szt.]";"rynek pierwotny;do 40 m2;2020;[szt.]";"rynek pierwotny;do 40 m2;2021;[szt.]";"rynek pierwotny;do 40 m2;2022;[szt.]";"rynek pierwotny;od 40,1 do 60 m2;2018;[szt.]";"rynek pierwotny;od 40,1 do 60 m2;2019;[szt.]";"rynek pierwotny;od 40,1 do 60 m2;2020;[szt.]";"rynek pierwotny;od 40,1 do 60 m2;2021;[szt.]";"rynek pierwotny;od 40,1 do 60 m2;2022;[szt.]";"rynek pierwotny;od 60,1 do 80 m2;2018;[szt.]";"rynek pierwotny;od 60,1 do 80 m2;2019;[szt.]";"rynek pierwotny;od 60,1 do 80 m2;2020;[szt.]";"rynek pierwotny;od 60,1 do 80 m2;2021;[szt.]";"rynek pierwotny;od 60,1 do 80 m2;2022;[szt.]";"rynek pierwotny;od 80,1 m2;2018;[szt.]";"rynek pierwotny;od 80,1 m2;2019;[szt.]";"rynek pierwotny;od 80,1 m2;2020;[szt.]";"rynek pierwotny;od 80,1 m2;2021;[szt.]";"rynek pierwotny;od 80,1 m2;2022;[szt.]";"rynek wtórny;do 40 m2;2018;[szt.]";"rynek wtórny;do 40 m2;2019;[szt.]";"rynek wtórny;do 40 m2;2020;[szt.]";"rynek wtórny;do 40 m2;2021;[szt.]";"rynek wtórny;do 40 m2;2022;[szt.]";"rynek wtórny;od 40,1 do 60 m2;2018;[szt.]";"rynek wtórny;od 40,1 do 60 m2;2019;[szt.]";"rynek wtórny;od 40,1 do 60 m2;2020;[szt.]";"rynek wtórny;od 40,1 do 60 m2;2021;[szt.]";"rynek wtórny;od 40,1 do 60 m2;2022;[szt.]";"rynek wtórny;od 60,1 do 80 m2;2018;[szt.]";"rynek wtórny;od 60,1 do 80 m2;2019;[szt.]";"rynek wtórny;od 60,1 do 80 m2;2020;[szt.]";"rynek wtórny;od 60,1 do 80 m2;2021;[szt.]";"rynek wtórny;od 60,1 do 80 m2;2022;[szt.]";"rynek wtórny;od 80,1 m2;2018;[szt.]";"rynek wtórny;od 80,1 m2;2019;[szt.]";"rynek wtórny;od 80,1 m2;2020;[szt.]";"rynek wtórny;od 80,1 m2;2021;[szt.]";"rynek wtórny;od 80,1 m2;2022;[szt.]";
0000000;"POLSKA";16266;16182;17711;21391;;37236;35325;37510;43402;;20350;19794;19950;23854;;7369;8462;9558;12572;;33314;34491;30742;37855;;54713;58455;52254;65795;;24121;24993;21685;27537;;10234;11034;9908;12266;;
0200000;"DOLNOŚLĄSKIE";1542;1588;1115;3070;;4346;4088;2911;6234;;2551;2238;1581;3302;;969;925;740;1812;;3880;4144;3586;4811;;6584;7435;6056;8443;;3414;3610;2906;3908;;1548;1746;1491;2026;;
0201000;"Powiat bolesławiecki";3;0;10;18;;26;15;54;47;;30;19;30;82;;9;28;11;18;;129;78;61;98;;215;222;127;196;;121;144;92;108;;56;53;35;42;;
0202000;"Powiat dzierżoniowski";3;0;0;3;;5;5;5;7;;0;0;0;15;;0;0;5;7;;159;198;215;244;;164;213;225;301;;50;84;66;113;;30;36;29;34;;
0203000;"Powiat głogowski";19;14;0;22;;113;30;0;67;;39;17;11;26;;28;19;12;24;;93;93;112;157;;158;208;202;286;;105;93;119;139;;23;27;28;39;;
0204000;"Powiat górowski";0;0;0;0;;0;0;3;4;;0;0;0;0;;0;0;0;0;;3;16;12;13;;12;19;34;38;;10;9;20;21;;6;10;8;12;;
0205000;"Powiat jaworski";0;0;0;25;;0;0;3;16;;0;0;0;4;;0;0;0;0;;33;23;34;32;;45;50;53;53;;42;31;41;46;;15;21;24;23;;
0206000;"Powiat karkonoski";18;0;27;17;;38;17;31;48;;6;3;6;16;;0;12;10;25;;43;30;86;101;;57;64;138;150;;32;36;83;83;;20;18;49;52;;
0207000;"Powiat kamiennogórski";0;0;0;0;;0;0;0;4;;0;0;0;3;;0;0;0;0;;56;56;39;50;;57;66;75;57;;25;26;23;20;;14;13;8;12;;
0208000;"Powiat kłodzki";40;6;14;37;;49;47;48;34;;23;29;26;31;;0;3;0;4;;196;236;253;260;;233;327;311;402;;115;131;94;119;;52;57;66;71;;
0209000;"Powiat legnicki";0;0;0;0;;8;0;0;7;;0;0;5;10;;0;0;0;6;;14;23;14;33;;49;44;40;64;;35;22;37;44;;8;11;15;32;;
0210000;"Powiat lubański";8;3;0;0;;6;8;0;0;;0;3;0;0;;0;0;0;0;;59;71;75;93;;97;119;93;103;;65;63;55;77;;13;27;16;24;;
0211000;"Powiat lubiński";33;30;29;42;;90;135;96;110;;87;63;67;87;;21;17;23;30;;130;152;157;175;;260;298;262;331;;123;118;147;165;;17;38;29;32;;
0212000;"Powiat lwówecki";0;0;0;0;;0;0;0;0;;0;0;0;0;;0;0;0;0;;56;45;38;46;;55;60;54;63;;20;33;24;30;;11;13;24;15;;
0213000;"Powiat milicki";0;0;23;4;;0;0;41;23;;0;0;14;9;;8;8;8;3;;17;22;19;29;;43;32;39;41;;13;18;21;14;;9;12;7;14;;
0214000;"Powiat oleśnicki";9;0;23;7;;101;35;62;0;;48;35;26;27;;3;5;10;6;;82;110;109;119;;166;186;246;257;;68;96;89;155;;20;35;42;49;;
0215000;"Powiat oławski";14;5;39;27;;32;16;79;123;;39;3;44;21;;6;9;21;31;;54;43;48;100;;89;87;123;220;;43;46;65;95;;14;22;35;56;;
0216000;"Powiat polkowicki";4;4;0;6;;9;23;0;21;;12;34;0;28;;0;15;0;17;;50;69;41;60;;72;123;115;125;;47;63;61;63;;8;8;24;19;;
0217000;"Powiat strzeliński";6;0;0;0;;41;33;31;0;;11;13;5;0;;0;0;0;0;;28;32;29;41;;51;50;40;64;;23;33;21;27;;10;10;9;10;;
0218000;"Powiat średzki";22;10;25;29;;51;32;41;56;;24;7;11;3;;0;12;9;34;;23;52;34;41;;42;97;69;74;;25;59;52;101;;11;9;22;9;;
0219000;"Powiat świdnicki";23;10;18;70;;95;96;78;127;;93;80;98;79;;17;19;23;18;;225;255;213;229;;334;371;333;428;;165;199;159;169;;95;118;100;130;;
0220000;"Powiat trzebnicki";18;5;10;26;;52;14;31;106;;45;24;35;41;;0;9;12;10;;58;46;63;74;;93;108;133;125;;55;56;95;94;;25;25;31;60;;
0221000;"Powiat wałbrzyski";0;14;3;5;;7;9;4;5;;0;5;4;0;;3;4;0;8;;106;122;131;164;;118;169;151;190;;57;51;56;73;;21;37;36;42;;
0222000;"Powiat wołowski";0;0;0;5;;19;0;36;40;;19;5;60;35;;0;0;7;0;;84;72;65;75;;163;128;130;137;;72;49;65;51;;22;23;20;13;;
0223000;"Powiat wrocławski";90;127;141;211;;328;409;474;533;;296;352;286;278;;128;210;254;386;;97;102;81;108;;159;280;233;305;;141;193;220;236;;113;159;205;345;;
0224000;"Powiat ząbkowicki";0;0;6;4;;0;4;14;46;;0;0;6;22;;0;0;0;0;;51;60;75;83;;68;85;97;99;;36;52;40;49;;24;30;34;37;;
0225000;"Powiat zgorzelecki";0;0;0;4;;0;6;3;9;;0;6;0;0;;0;0;0;0;;98;116;104;129;;164;191;160;155;;84;113;76;87;;24;22;24;30;;
0226000;"Powiat złotoryjski";0;0;0;0;;0;0;0;10;;0;0;0;9;;0;0;4;11;;47;50;40;52;;58;65;61;64;;31;32;31;38;;11;20;17;6;;
0261000;"Powiat m. Jelenia Góra";16;40;19;46;;59;84;79;133;;31;38;39;57;;14;17;13;33;;201;183;183;218;;287;295;247;394;;131;155;112;159;;116;120;92;132;;
0262000;"Powiat m. Legnica";29;45;28;82;;101;42;95;76;;103;84;58;30;;44;31;45;15;;150;136;148;172;;300;308;263;406;;196;178;175;208;;118;139;105;143;;
0264000;"Powiat m. Wrocław";1180;1265;687;2365;;3112;3021;1590;4553;;1633;1409;744;2374;;679;503;265;1119;;1275;1362;847;1493;;2609;2809;1663;2839;;1350;1303;654;1171;;587;578;312;466;;
0265000;"Powiat m. Wałbrzych od 2013";3;0;4;11;;4;3;11;26;;0;5;3;11;;0;0;0;4;;263;291;260;322;;366;361;339;476;;134;124;113;153;;55;55;45;77;;
0400000;"KUJAWSKO-POMORSKIE";633;584;516;804;;1320;985;914;1302;;663;571;511;730;;219;151;142;240;;2011;2077;1859;2084;;3052;3247;2933;3571;;1225;1340;1107;1443;;370;407;364;465;;
0401000;"Powiat aleksandrowski";12;8;6;18;;24;22;20;41;;8;12;6;25;;0;0;0;0;;37;59;54;59;;72;82;68;88;;14;25;9;23;;3;6;0;5;;
0402000;"Powiat brodnicki";54;33;38;47;;189;152;90;95;;44;22;23;21;;5;0;0;3;;34;42;34;53;;94;81;81;127;;31;36;29;49;;11;10;9;7;;
0403000;"Powiat bydgoski";14;8;4;9;;28;9;15;38;;28;15;12;24;;8;0;0;34;;51;59;38;49;;76;92;65;80;;52;51;30;56;;12;24;30;36;;
0404000;"Powiat chełmiński";0;0;0;0;;0;0;0;0;;0;0;0;0;;0;0;0;0;;38;48;42;66;;69;57;55;65;;13;26;21;25;;4;10;6;10;;
0405000;"Powiat golubsko-dobrzyński";0;0;0;0;;5;0;0;0;;0;0;0;0;;0;0;0;0;;27;23;15;30;;35;39;43;54;;5;19;9;19;;0;0;0;5;;
0406000;"Powiat grudziądzki";0;0;0;0;;0;0;0;0;;0;0;0;0;;0;0;0;0;;13;8;17;13;;23;35;27;33;;11;11;18;12;;0;3;3;18;;
0407000;"Powiat inowrocławski";13;3;27;28;;76;53;80;117;;41;14;22;42;;13;6;4;26;;169;202;168;165;;225;262;237;313;;96;131;71;126;;18;18;24;28;;
0408000;"Powiat lipnowski";0;3;0;0;;0;8;0;0;;0;5;0;0;;0;0;0;0;;12;26;18;23;;17;29;37;29;;5;9;11;17;;0;3;0;3;;
0409000;"Powiat mogileński";0;0;3;0;;0;4;8;0;;5;27;5;0;;0;0;3;0;;21;9;25;19;;34;26;39;26;;16;19;5;13;;0;0;0;5;;
0410000;"Powiat nakielski";4;3;6;5;;14;33;30;16;;7;5;10;8;;0;0;0;0;;59;58;46;45;;86;93;104;114;;34;35;35;30;;9;6;4;9;;
0411000;"Powiat radziejowski";6;0;0;0;;17;0;0;3;;0;3;0;3;;0;0;0;0;;20;18;11;15;;19;15;8;16;;14;10;8;7;;3;5;0;4;;
0412000;"Powiat rypiński";4;0;9;11;;4;0;10;13;;0;0;0;0;;0;0;0;0;;8;12;13;24;;15;21;20;45;;8;26;15;26;;0;4;0;8;;
0413000;"Powiat sępoleński";0;0;0;0;;0;0;0;9;;0;0;0;10;;0;0;0;0;;18;14;22;16;;30;32;41;36;;10;14;12;18;;5;4;5;9;;
0414000;"Powiat świecki";0;0;0;4;;17;22;55;58;;14;24;33;44;;0;8;15;0;;59;34;45;51;;81;62;81;139;;30;26;23;41;;11;7;4;12;;
0415000;"Powiat toruński";14;17;0;17;;58;33;16;46;;23;15;10;19;;0;4;0;3;;22;37;37;30;;48;115;98;103;;25;22;42;46;;4;10;9;25;;
0416000;"Powiat tucholski";0;0;0;15;;0;0;0;9;;0;0;0;0;;0;0;0;0;;5;9;10;14;;26;27;26;24;;14;11;7;16;;0;4;3;9;;
0417000;"Powiat wąbrzeski";0;0;0;0;;0;0;0;0;;0;0;0;0;;0;0;0;0;;28;13;19;22;;28;27;24;38;;8;9;12;11;;0;0;0;0;;
0418000;"Powiat włocławski";0;0;0;0;;3;3;0;0;;0;0;0;0;;0;0;0;0;;23;20;17;12;;22;26;26;32;;8;8;16;10;;0;3;0;3;;
0419000;"Powiat żniński";22;5;0;21;;17;5;0;41;;3;0;30;17;;0;0;0;0;;29;33;33;34;;41;53;54;61;;19;23;30;34;;5;8;3;6;;
0461000;"Powiat m. Bydgoszcz";325;305;277;496;;533;389;360;522;;267;273;227;340;;107;73;63;109;;693;683;592;679;;1020;989;883;1059;;401;405;326;397;;138;134;117;127;;
0462000;"Powiat m. Grudziądz";5;23;47;40;;35;24;76;117;;59;54;51;103;;31;25;11;18;;148;153;123;177;;214;214;204;239;;99;106;104;118;;35;27;36;35;;
0463000;"Powiat m. Toruń";113;153;71;65;;169;131;127;117;;93;55;59;43;;45;26;33;40;;325;341;347;371;;538;616;498;654;;229;223;190;271;;84;106;93;94;;
0464000;"Powiat m. Włocławek";40;22;22;23;;130;92;23;56;;66;44;22;26;;7;5;9;0;;172;176;133;117;;239;254;214;196;;83;95;84;78;;19;12;7;5;;
0600000;"LUBELSKIE";557;621;939;853;;1613;1446;1861;1703;;1004;781;865;865;;211;166;216;235;;1047;1141;1027;1379;;1776;2152;1983;2520;;761;897;775;955;;141;206;194;264;;
0601000;"Powiat bialski";0;13;0;13;;3;34;53;48;;8;16;22;19;;0;0;7;5;;3;9;11;10;;12;16;19;27;;8;5;3;0;;0;0;0;6;;
0602000;"Powiat biłgorajski";0;3;15;4;;8;33;78;18;;3;19;57;20;;0;0;6;0;;14;17;10;16;;35;35;27;40;;13;18;9;14;;0;0;0;3;;
0603000;"Powiat chełmski";0;0;0;0;;0;0;0;0;;0;0;0;0;;0;0;0;0;;7;7;10;16;;11;16;4;18;;8;6;7;11;;0;0;0;0;;
0604000;"Powiat hrubieszowski";0;0;0;0;;0;0;0;0;;0;0;4;5;;0;0;0;0;;21;29;29;20;;37;39;36;41;;14;16;15;14;;0;0;3;0;;
0605000;"Powiat janowski";0;0;0;0;;0;21;0;0;;0;0;0;0;;0;0;0;0;;7;0;4;11;;9;11;9;12;;6;5;0;3;;0;0;0;0;;
0606000;"Powiat krasnostawski";0;0;0;0;;0;0;0;0;;0;0;0;0;;0;0;0;0;;10;9;6;7;;15;14;8;14;;4;9;5;3;;0;0;0;0;;
0607000;"Powiat kraśnicki";0;0;0;0;;0;0;0;0;;0;0;0;0;;0;0;0;0;;34;25;38;63;;38;35;52;68;;13;9;11;21;;0;0;0;9;;
0608000;"Powiat lubartowski";4;0;10;5;;15;0;24;16;;7;0;10;9;;0;0;0;0;;16;26;19;21;;43;57;38;52;;11;24;18;8;;0;3;3;0;;
0609000;"Powiat lubelski";13;16;0;7;;34;26;19;32;;23;23;15;10;;4;8;15;31;;15;28;9;13;;39;32;32;39;;27;20;12;39;;15;25;26;36;;
0610000;"Powiat łęczyński";0;7;0;0;;0;22;0;0;;0;15;0;0;;0;0;0;0;;15;13;12;8;;23;16;31;39;;32;20;20;30;;0;0;0;11;;
0611000;"Powiat łukowski";0;0;0;6;;0;0;8;40;;0;0;9;16;;0;0;0;0;;23;28;21;31;;39;53;29;39;;12;20;13;15;;5;3;0;3;;
0612000;"Powiat opolski";0;0;0;0;;0;0;0;0;;0;0;0;0;;0;0;0;0;;25;24;15;21;;36;27;27;34;;11;8;7;8;;0;0;0;0;;
0613000;"Powiat parczewski";0;0;0;0;;0;0;0;0;;0;0;0;0;;0;0;0;0;;6;6;5;10;;21;7;48;14;;11;5;28;0;;0;0;0;0;;
0614000;"Powiat puławski";13;62;26;23;;11;86;127;51;;12;9;44;19;;9;6;12;3;;71;68;81;89;;85;139;116;143;;39;54;29;68;;4;14;3;14;;
0615000;"Powiat radzyński";4;5;4;0;;48;26;9;28;;11;21;5;0;;0;0;0;0;;13;13;5;11;;26;22;15;17;;13;11;4;7;;0;0;0;0;;
0616000;"Powiat rycki";0;0;0;0;;5;0;0;11;;3;0;0;0;;0;0;0;0;;16;22;16;25;;41;34;40;62;;12;11;9;21;;3;4;4;4;;
0617000;"Powiat świdnicki";0;0;0;0;;0;10;9;18;;0;10;10;7;;0;0;0;10;;64;77;43;73;;66;115;126;130;;18;35;33;42;;0;5;3;6;;
0618000;"Powiat tomaszowski";0;0;3;0;;3;0;13;0;;0;3;4;0;;0;0;0;0;;16;13;14;15;;33;29;29;29;;18;25;19;19;;5;4;0;4;;
0619000;"Powiat włodawski";0;0;3;0;;37;0;5;6;;4;0;0;0;;0;0;0;0;;26;20;24;19;;35;34;41;30;;11;12;14;9;;5;4;0;0;;
0620000;"Powiat zamojski";0;0;0;0;;0;0;0;0;;0;0;0;0;;0;0;0;0;;7;0;4;7;;9;0;5;15;;5;4;5;0;;0;3;0;0;;
0661000;"Powiat m. Biała Podlaska";15;17;34;47;;41;48;111;101;;13;18;51;41;;17;7;19;11;;30;37;45;68;;69;106;145;158;;18;37;56;49;;4;8;15;12;;
0662000;"Powiat m. Chełm";0;0;29;38;;9;37;26;40;;6;21;11;33;;0;0;3;10;;79;87;103;97;;97;167;148;179;;54;66;58;70;;3;9;7;5;;
0663000;"Powiat m. Lublin";474;466;810;681;;1357;1064;1338;1251;;877;604;593;661;;158;137;144;155;;472;525;452;682;;863;1035;868;1207;;350;402;362;435;;79;110;113;134;;
0664000;"Powiat m. Zamość";28;26;0;24;;38;32;40;40;;34;20;30;19;;20;0;9;7;;57;54;51;46;;94;112;90;113;;53;75;36;65;;6;4;5;11;;
0800000;"LUBUSKIE";413;383;528;403;;1014;662;888;642;;670;537;378;304;;134;141;158;80;;1173;1187;1161;1289;;2049;2203;2062;2690;;933;944;823;1113;;318;351;321;412;;
0801000;"Powiat gorzowski";10;58;27;8;;48;117;28;49;;49;38;23;24;;4;8;0;24;;54;54;33;33;;102;127;53;62;;59;58;38;44;;20;21;10;12;;
0802000;"Powiat krośnieński";14;0;25;0;;48;21;28;0;;15;5;13;0;;4;0;3;0;;41;50;37;41;;93;96;74;82;;48;47;32;41;;9;15;10;20;;
0803000;"Powiat międzyrzecki";6;5;4;4;;9;6;39;28;;4;7;26;24;;3;5;21;5;;60;39;69;47;;95;85;81;107;;52;36;50;56;;13;15;9;19;;
0804000;"Powiat nowosolski";8;11;42;42;;66;31;99;86;;9;19;19;30;;0;3;5;0;;81;104;95;126;;115;131;119;159;;36;59;41;60;;14;14;27;33;;
0805000;"Powiat słubicki";10;9;6;4;;75;0;24;23;;3;0;3;15;;0;0;3;9;;48;51;40;60;;78;226;158;109;;35;52;33;55;;19;24;11;24;;
0806000;"Powiat strzelecko-drezdenecki";3;0;6;10;;9;6;16;17;;4;0;0;12;;0;0;0;0;;21;31;31;33;;56;55;64;84;;26;21;33;40;;7;9;15;11;;
0807000;"Powiat sulęciński";0;0;0;3;;0;0;0;3;;0;0;0;10;;0;0;0;0;;28;30;11;26;;60;49;30;60;;33;22;10;27;;6;14;5;6;;
0808000;"Powiat świebodziński";13;6;5;42;;32;84;84;95;;15;61;6;27;;0;6;0;4;;65;55;32;55;;88;81;62;133;;46;47;31;53;;17;9;11;14;;
0809000;"Powiat zielonogórski";7;0;0;25;;19;39;8;29;;6;4;0;0;;0;4;6;4;;54;39;70;65;;109;99;173;111;;57;44;49;33;;15;14;13;10;;
0810000;"Powiat żagański";3;0;0;3;;0;0;3;5;;0;0;6;8;;0;0;0;0;;90;89;81;102;;148;196;158;192;;60;67;62;63;;25;40;22;35;;
0811000;"Powiat żarski";11;7;0;3;;36;12;12;8;;31;26;39;27;;11;0;6;0;;106;94;77;114;;156;184;167;213;;68;54;63;68;;27;38;48;45;;
0812000;"Powiat wschowski";0;0;0;0;;0;0;6;0;;0;0;0;0;;0;0;0;5;;13;21;24;18;;38;37;38;44;;24;12;28;24;;6;10;8;17;;
0861000;"Powiat m. Gorzów Wielkopolski";217;147;186;201;;319;141;219;212;;249;115;76;84;;29;21;14;10;;240;260;219;226;;443;409;324;490;;149;200;130;175;;79;53;48;54;;
0862000;"Powiat m. Zielona Góra";110;137;222;57;;352;203;322;86;;285;260;162;39;;78;93;96;15;;272;270;342;343;;468;428;561;844;;240;225;223;374;;61;75;84;112;;
1000000;"ŁÓDZKIE";661;802;1344;1488;;1294;1556;1984;2358;;1039;1022;1032;1370;;344;322;330;418;;2330;2320;2136;2663;;3173;3245;3069;3590;;1073;1112;1047;1246;;341;430;290;368;;
1001000;"Powiat bełchatowski";6;0;0;9;;5;0;4;11;;0;0;3;7;;0;0;0;3;;51;58;39;65;;150;133;124;167;;125;119;104;152;;5;7;4;0;;
1002000;"Powiat kutnowski";9;8;7;37;;47;23;20;107;;33;26;29;60;;7;0;0;0;;41;55;40;57;;70;79;81;71;;26;16;15;24;;5;4;4;3;;
1003000;"Powiat łaski";0;0;0;0;;0;29;3;0;;0;8;0;0;;0;0;0;0;;32;15;15;18;;30;39;25;41;;12;15;9;10;;0;3;0;0;;
1004000;"Powiat łęczycki";0;0;0;0;;0;0;0;0;;0;0;0;0;;0;0;0;0;;20;21;23;21;;30;30;17;35;;7;9;5;4;;0;0;0;0;;
1005000;"Powiat łowicki";6;0;0;0;;24;12;0;0;;3;7;0;0;;0;0;0;0;;18;17;20;23;;26;30;24;30;;14;12;11;13;;4;0;0;0;;
1006000;"Powiat łódzki wschodni";0;0;0;0;;0;0;0;0;;0;9;0;0;;0;0;20;21;;15;18;4;17;;18;24;20;23;;3;10;3;17;;0;6;0;5;;
1007000;"Powiat opoczyński";0;3;0;6;;3;0;0;24;;0;0;0;6;;0;0;0;0;;31;33;21;23;;28;29;37;31;;19;17;6;12;;0;0;0;0;;
1008000;"Powiat pabianicki";8;5;5;17;;20;27;41;27;;21;30;62;56;;0;10;23;29;;93;50;83;88;;93;110;114;125;;42;26;54;63;;14;19;11;31;;
1009000;"Powiat pajęczański";0;0;0;0;;0;0;0;0;;0;0;0;0;;0;0;0;0;;4;12;4;4;;7;6;4;13;;0;0;0;0;;0;0;0;0;;
1010000;"Powiat piotrkowski";0;0;0;0;;0;0;0;0;;0;0;0;0;;0;0;7;0;;6;11;10;15;;20;6;8;12;;0;0;0;7;;0;0;0;0;;
1011000;"Powiat poddębicki";0;0;0;0;;6;0;0;3;;0;0;0;4;;0;0;0;0;;15;5;5;13;;24;21;13;57;;8;5;6;19;;0;0;0;0;;
1012000;"Powiat radomszczański";5;3;0;27;;38;7;6;21;;13;0;0;12;;0;0;0;0;;31;36;31;32;;36;48;33;51;;22;24;24;15;;0;0;3;8;;
1013000;"Powiat rawski";0;0;0;0;;0;0;0;0;;0;0;0;0;;0;0;0;0;;12;21;8;21;;22;33;19;34;;0;6;8;10;;0;3;0;0;;
1014000;"Powiat sieradzki";0;9;13;5;;9;42;4;45;;14;15;3;47;;0;8;3;20;;31;45;35;36;;61;69;59;65;;37;33;24;32;;7;14;6;6;;
1015000;"Powiat skierniewicki";0;0;0;0;;0;0;0;0;;0;0;0;0;;0;0;0;0;;0;3;4;0;;0;6;0;0;;0;0;0;0;;0;0;0;0;;
1016000;"Powiat tomaszowski";6;6;11;13;;9;11;48;72;;0;16;9;61;;0;5;0;8;;84;77;72;87;;141;113;121;134;;34;39;30;24;;4;5;3;3;;
1017000;"Powiat wieluński";12;0;16;0;;43;11;14;0;;14;16;33;0;;0;6;3;0;;9;12;10;14;;21;29;31;26;;3;10;11;7;;3;0;0;0;;
1018000;"Powiat wieruszowski";20;0;18;7;;26;18;30;9;;14;22;4;8;;3;0;0;0;;26;3;0;33;;11;5;3;25;;11;9;8;12;;0;0;0;8;;
1019000;"Powiat zduńskowolski";4;0;0;0;;0;9;0;0;;0;9;0;0;;0;0;0;0;;41;42;48;41;;62;72;49;67;;28;40;24;19;;0;6;0;0;;
1020000;"Powiat zgierski";7;4;14;11;;35;14;64;31;;15;8;48;28;;9;5;12;21;;110;173;127;130;;162;183;154;191;;54;54;64;66;;10;11;9;10;;
1021000;"Powiat brzeziński";5;0;0;4;;8;19;21;7;;3;8;11;8;;0;0;0;0;;12;11;12;15;;17;19;14;18;;7;7;6;12;;0;0;0;0;;
1061000;"Powiat m. Łódź";544;718;1241;1258;;965;1198;1692;1852;;869;756;771;956;;320;260;248;307;;1512;1489;1405;1815;;2003;1975;1912;2180;;549;584;552;652;;267;333;228;271;;
1062000;"Powiat m. Piotrków Trybunalski";9;4;6;75;;4;49;20;102;;8;48;27;48;;0;26;9;5;;74;62;71;66;;75;122;144;134;;39;40;59;36;;8;9;9;10;;
1063000;"Powiat m. Skierniewice";16;36;5;13;;51;84;12;41;;30;40;26;61;;0;0;3;0;;62;51;49;28;;66;64;61;59;;29;34;23;39;;5;4;0;3;;
1200000;"MAŁOPOLSKIE";2608;2557;2469;2622;;4602;4713;3987;5021;;1812;1878;1888;2579;;501;662;849;1212;;1826;2441;2226;3032;;2713;3425;3246;4439;;1091;1291;1290;1721;;510;680;594;866;;
1201000;"Powiat bocheński";3;4;75;45;;12;8;40;29;;7;12;13;14;;0;0;4;6;;15;30;28;25;;29;47;41;48;;11;14;10;6;;0;4;5;4;;
1202000;"Powiat brzeski";5;0;3;0;;11;0;4;5;;0;0;0;3;;0;0;0;0;;7;14;11;10;;37;20;12;10;;6;6;3;6;;3;4;7;0;;
1203000;"Powiat chrzanowski";3;0;5;8;;0;0;6;48;;0;0;4;43;;0;0;0;4;;100;78;67;90;;156;119;116;148;;79;68;46;48;;12;8;8;11;;
1204000;"Powiat dąbrowski";0;0;0;0;;0;0;0;0;;0;0;0;0;;0;0;0;0;;6;6;9;11;;8;8;12;22;;0;3;3;15;;0;0;3;0;;
1205000;"Powiat gorlicki";0;0;0;0;;0;0;0;0;;0;0;0;0;;0;0;0;0;;12;35;17;11;;24;41;28;24;;9;22;15;10;;7;4;4;6;;
1206000;"Powiat krakowski";43;73;62;24;;66;146;168;118;;82;127;263;241;;55;140;192;217;;36;70;36;57;;71;96;93;128;;50;39;64;86;;37;47;38;53;;
1207000;"Powiat limanowski";0;0;7;6;;0;4;6;7;;0;6;6;16;;0;0;0;0;;19;10;12;16;;21;17;15;23;;5;6;5;5;;4;3;0;0;;
1208000;"Powiat miechowski";4;0;0;0;;4;0;3;8;;0;0;0;0;;0;0;0;5;;7;4;7;0;;11;10;7;16;;0;0;0;4;;0;0;0;0;;
1209000;"Powiat myślenicki";16;0;19;0;;41;8;49;13;;9;9;4;6;;0;0;7;7;;13;3;8;15;;19;19;34;25;;15;12;15;18;;3;3;4;10;;
1210000;"Powiat nowosądecki";27;4;0;0;;29;5;0;0;;5;4;0;0;;6;0;0;9;;18;40;25;33;;43;46;47;52;;25;31;35;43;;7;13;10;34;;
1211000;"Powiat nowotarski";8;14;48;30;;78;67;21;15;;25;20;34;22;;7;12;12;13;;27;30;30;44;;54;62;47;54;;14;15;15;21;;17;10;19;22;;
1212000;"Powiat olkuski";0;0;0;14;;3;6;0;21;;0;0;0;22;;0;0;0;5;;43;33;32;55;;65;80;72;106;;43;39;33;56;;3;0;4;7;;
1213000;"Powiat oświęcimski";21;29;32;13;;72;52;49;21;;44;10;48;13;;0;0;16;0;;104;119;103;136;;157;157;139;170;;44;57;49;72;;4;9;10;13;;
1214000;"Powiat proszowicki";0;0;0;0;;0;0;0;0;;0;0;0;0;;0;0;0;0;;6;3;3;6;;10;6;7;6;;0;0;0;0;;0;0;0;0;;
1215000;"Powiat suski";0;0;0;0;;0;0;0;0;;0;0;0;0;;0;0;0;0;;5;3;9;4;;17;16;10;6;;0;0;8;0;;0;3;0;5;;
1216000;"Powiat tarnowski";0;0;0;0;;0;0;0;0;;0;0;12;4;;0;0;0;14;;0;3;4;0;;0;5;13;11;;0;3;0;0;;0;0;0;6;;
1217000;"Powiat tatrzański";13;8;19;6;;19;12;13;94;;12;7;3;18;;7;14;7;26;;71;70;76;92;;100;118;104;106;;37;45;34;46;;18;19;23;45;;
1218000;"Powiat wadowicki";0;0;42;0;;3;25;49;21;;6;9;23;14;;7;9;0;11;;36;38;32;43;;56;61;69;67;;23;21;19;21;;7;11;8;22;;
1219000;"Powiat wielicki";24;61;99;90;;138;290;314;420;;225;139;128;212;;27;23;35;94;;24;32;26;37;;67;84;87;171;;30;39;78;89;;16;17;21;33;;
1261000;"Powiat m. Kraków";2397;2341;2019;2331;;4015;4022;3175;4055;;1333;1486;1299;1884;;385;451;546;771;;1106;1640;1518;2147;;1476;2055;1944;2856;;557;743;716;1020;;316;425;359;502;;
1262000;"Powiat m. Nowy Sącz";14;0;0;27;;63;0;0;48;;18;0;0;5;;0;0;0;0;;55;65;74;87;;90;174;187;218;;58;65;87;101;;30;60;49;64;;
1263000;"Powiat m. Tarnów";29;17;35;24;;46;65;88;96;;44;46;49;57;;0;10;26;27;;114;115;99;110;;202;184;162;172;;79;59;50;51;;22;35;19;24;;
1400000;"MAZOWIECKIE";2449;2540;3626;3527;;5288;5898;7405;6862;;3283;3986;4799;4468;;1896;2563;3338;3916;;6108;5858;5067;5671;;9248;9473;8237;9321;;4033;3900;3230;3712;;2473;2579;2388;2511;;
1401000;"Powiat białobrzeski";0;0;0;0;;0;3;3;4;;0;0;0;0;;0;0;0;0;;0;4;4;4;;10;8;16;5;;3;3;24;3;;0;0;0;0;;
1402000;"Powiat ciechanowski";27;26;72;43;;92;111;180;97;;31;96;108;29;;0;12;19;6;;44;38;40;62;;51;73;77;89;;28;33;25;51;;8;7;0;9;;
1403000;"Powiat garwoliński";0;17;53;24;;0;15;88;46;;0;17;25;26;;0;5;9;19;;8;19;27;19;;5;18;34;33;;0;13;9;13;;0;5;0;0;;
1404000;"Powiat gostyniński";7;16;0;0;;6;9;12;0;;3;9;0;0;;0;0;0;0;;16;13;14;24;;33;30;20;26;;12;8;7;13;;4;0;4;0;;
1405000;"Powiat grodziski";25;13;19;48;;28;51;98;203;;13;29;99;137;;29;49;215;203;;50;50;56;53;;42;76;103;115;;18;24;35;51;;47;98;182;197;;
1406000;"Powiat grójecki";47;0;45;44;;76;22;83;58;;38;4;27;10;;0;0;8;0;;52;25;60;42;;66;76;95;167;;26;30;28;30;;3;13;6;25;;
1407000;"Powiat kozienicki";0;0;0;0;;17;11;14;0;;4;0;8;0;;0;0;0;0;;27;20;23;22;;60;59;47;67;;11;12;10;8;;0;0;0;0;;
1408000;"Powiat legionowski";44;124;73;215;;141;179;101;173;;137;118;87;151;;47;74;72;132;;108;94;99;101;;199;193;181;207;;76;100;94;147;;39;61;98;114;;
1409000;"Powiat lipski";0;0;0;0;;0;0;0;0;;0;0;0;0;;0;0;0;0;;5;0;4;5;;10;5;8;5;;0;0;6;4;;0;0;0;0;;
1410000;"Powiat łosicki";0;0;0;0;;0;0;0;0;;0;0;0;0;;0;0;0;0;;4;14;5;4;;7;55;9;8;;0;13;3;0;;0;0;0;0;;
1411000;"Powiat makowski";0;12;7;0;;0;6;10;0;;0;7;3;7;;0;0;0;0;;12;10;12;9;;14;13;16;12;;9;10;0;10;;0;0;0;0;;
1412000;"Powiat miński";96;30;29;65;;256;143;103;242;;176;29;61;132;;38;31;45;61;;58;73;32;40;;120;154;122;161;;38;57;55;70;;13;13;27;27;;
1413000;"Powiat mławski";17;10;22;74;;52;111;143;324;;34;86;34;63;;3;5;10;17;;33;37;29;48;;75;67;71;89;;30;27;23;41;;7;8;6;8;;
1414000;"Powiat nowodworski";37;75;206;79;;72;123;208;112;;33;45;67;70;;3;15;20;49;;46;61;68;80;;95;124;115;132;;35;34;35;60;;8;15;13;34;;
1415000;"Powiat ostrołęcki";0;0;0;0;;0;0;0;0;;0;0;0;0;;0;0;0;4;;0;0;0;0;;0;0;0;0;;0;0;0;0;;0;0;0;0;;
1416000;"Powiat ostrowski";0;4;0;10;;0;17;5;21;;0;7;8;7;;0;0;0;0;;12;15;13;18;;34;29;29;35;;7;6;10;11;;0;0;0;0;;
1417000;"Powiat otwocki";10;6;6;11;;31;35;28;38;;15;15;22;27;;21;44;58;117;;47;40;26;39;;58;87;77;85;;47;51;31;31;;16;27;34;28;;
1418000;"Powiat piaseczyński";6;82;159;126;;17;218;639;451;;14;345;392;456;;12;171;399;393;;76;135;300;208;;182;247;579;496;;85;129;325;239;;69;120;328;326;;
1419000;"Powiat płocki";0;0;0;0;;7;0;0;4;;4;0;3;8;;3;4;4;8;;4;6;11;17;;27;12;29;35;;8;11;12;5;;5;9;8;7;;
1420000;"Powiat płoński";5;0;6;8;;8;0;13;41;;0;0;20;10;;0;0;4;3;;42;34;28;38;;49;56;49;50;;29;17;16;20;;4;3;8;3;;
1421000;"Powiat pruszkowski";123;25;98;178;;207;143;298;404;;87;50;143;172;;106;129;136;278;;82;76;93;80;;194;182;176;211;;64;59;78;77;;48;48;77;62;;
1422000;"Powiat przasnyski";0;0;13;5;;8;37;45;23;;3;38;15;12;;0;0;3;6;;15;14;14;21;;28;38;37;37;;12;14;11;21;;0;3;0;0;;
1423000;"Powiat przysuski";0;0;0;0;;0;0;0;0;;0;0;0;0;;0;0;0;0;;7;9;5;5;;9;7;8;16;;5;3;0;0;;0;0;0;0;;
1424000;"Powiat pułtuski";5;10;0;0;;34;43;20;0;;13;9;8;0;;0;0;0;0;;25;35;14;50;;27;79;30;122;;22;17;12;43;;0;0;3;4;;
1425000;"Powiat radomski";0;0;0;0;;0;0;0;0;;0;0;0;0;;0;0;0;0;;35;26;15;23;;44;36;28;42;;12;14;6;12;;0;0;4;6;;
1426000;"Powiat siedlecki";0;0;0;0;;0;0;0;0;;0;0;0;0;;0;0;0;0;;4;0;0;4;;4;0;0;3;;0;3;0;5;;6;5;9;3;;
1427000;"Powiat sierpecki";25;3;0;0;;84;3;25;0;;40;3;8;0;;0;0;0;0;;15;13;17;16;;32;44;30;37;;8;9;13;17;;0;0;6;3;;
1428000;"Powiat sochaczewski";4;0;0;8;;0;3;0;83;;0;3;0;13;;0;0;0;0;;53;60;39;43;;63;73;42;53;;36;27;18;34;;3;0;3;0;;
1429000;"Powiat sokołowski";5;9;4;9;;23;65;19;36;;4;27;10;18;;0;6;0;0;;22;23;12;33;;29;58;29;46;;4;35;8;45;;0;0;0;0;;
1430000;"Powiat szydłowiecki";0;0;0;0;;0;0;0;0;;0;0;0;0;;0;0;0;0;;13;6;10;8;;20;16;15;15;;6;4;3;4;;0;0;0;0;;
1432000;"Powiat warszawski zachodni";39;15;17;108;;236;112;128;268;;102;85;33;84;;199;293;235;244;;50;40;35;45;;72;83;107;116;;40;55;43;51;;101;114;110;51;;
1433000;"Powiat węgrowski";0;0;9;0;;0;0;0;0;;0;0;0;0;;0;0;0;0;;0;0;14;19;;0;14;12;18;;4;7;9;9;;0;0;0;0;;
1434000;"Powiat wołomiński";22;43;37;64;;128;208;244;250;;278;304;277;227;;241;376;485;499;;117;166;142;178;;305;382;411;371;;120;172;198;211;;68;81;102;144;;
1435000;"Powiat wyszkowski";4;17;0;25;;17;47;0;50;;13;13;0;40;;4;0;0;5;;15;36;25;42;;24;85;58;90;;12;28;12;37;;5;0;3;0;;
1436000;"Powiat zwoleński";0;0;0;0;;0;0;0;0;;0;0;0;11;;0;0;0;0;;3;5;0;5;;11;7;5;7;;0;3;4;11;;0;0;0;0;;
1437000;"Powiat żuromiński";0;0;15;3;;0;0;48;0;;0;0;11;0;;0;0;10;0;;8;8;8;14;;15;16;21;14;;9;6;5;8;;0;6;3;3;;
1438000;"Powiat żyrardowski";11;36;32;38;;52;91;65;83;;23;55;52;46;;6;5;26;13;;45;72;96;95;;54;63;76;97;;19;25;20;25;;0;8;3;8;;
1461000;"Powiat m. Ostrołęka";0;41;18;12;;19;115;96;40;;7;64;71;23;;0;0;5;0;;56;51;54;56;;73;87;78;85;;19;17;29;23;;7;8;0;0;;
1462000;"Powiat m. Płock";99;115;60;126;;200;147;159;225;;78;105;99;74;;6;13;17;18;;194;223;185;236;;238;313;329;328;;67;102;100;75;;25;24;18;23;;
1463000;"Powiat m. Radom";63;38;44;46;;201;135;183;137;;86;100;90;102;;21;28;35;33;;190;220;212;257;;338;373;312;431;;115;133;107;134;;16;24;42;27;;
1464000;"Powiat m. Siedlce";87;91;57;94;;304;277;136;222;;159;69;77;133;;20;15;10;14;;98;107;119;137;;244;195;313;295;;56;58;95;118;;19;13;13;22;;
1465000;"Powiat m. st. Warszawa";1633;1674;2519;2058;;2967;3415;4206;3220;;1884;2247;2938;2377;;1134;1281;1509;1785;;4413;3976;3102;3471;;6285;5938;4440;5070;;2932;2529;1707;1943;;1944;1856;1270;1362;;
1600000;"OPOLSKIE";120;64;212;210;;354;358;622;314;;268;252;370;330;;49;74;111;120;;708;692;656;738;;1389;1406;1399;1621;;629;707;663;775;;256;272;244;328;;
1601000;"Powiat brzeski";17;6;29;34;;43;41;47;53;;23;37;23;32;;0;0;4;0;;105;74;80;85;;184;209;175;213;;75;94;95;100;;51;40;46;52;;
1602000;"Powiat głubczycki";0;0;4;0;;0;0;51;0;;0;0;10;0;;0;0;0;0;;25;16;38;24;;63;54;124;79;;27;28;62;30;;10;7;17;14;;
1603000;"Powiat kędzierzyńsko-kozielski";0;0;3;4;;7;0;0;6;;0;0;0;0;;0;0;0;0;;90;94;92;103;;145;139;125;184;;52;71;46;51;;27;15;25;24;;
1604000;"Powiat kluczborski";5;0;0;0;;14;10;21;20;;10;15;12;36;;4;11;5;4;;37;36;38;39;;79;72;91;97;;50;73;46;64;;12;14;13;23;;
1605000;"Powiat krapkowicki";0;0;0;0;;18;0;0;0;;0;3;0;7;;0;0;0;0;;22;21;25;35;;62;39;62;67;;15;10;23;25;;7;5;8;6;;
1606000;"Powiat namysłowski";10;0;4;7;;63;46;65;24;;24;13;17;8;;3;0;5;5;;20;17;15;19;;58;65;54;51;;34;44;26;34;;11;11;5;12;;
1607000;"Powiat nyski";0;6;15;50;;5;0;29;18;;0;0;16;22;;0;0;0;0;;98;106;104;121;;207;237;230;274;;95;91;87;110;;42;56;41;74;;
1608000;"Powiat oleski";0;0;0;0;;0;0;0;0;;0;0;0;0;;0;0;0;0;;18;19;9;17;;18;22;23;36;;10;6;10;22;;0;4;0;0;;
1609000;"Powiat opolski";0;0;0;0;;3;5;8;4;;0;5;0;10;;0;5;0;7;;35;29;22;44;;75;92;57;83;;46;40;29;54;;17;16;7;21;;
1610000;"Powiat prudnicki";0;0;0;0;;0;0;0;0;;0;0;0;0;;0;0;0;0;;33;30;28;37;;52;68;68;75;;36;26;41;41;;9;23;21;23;;
1611000;"Powiat strzelecki";0;0;0;3;;0;0;0;6;;0;0;0;0;;0;0;0;0;;24;34;15;14;;75;53;38;52;;25;32;19;22;;8;12;7;6;;
1661000;"Powiat m. Opole";86;47;155;109;;200;251;396;183;;209;174;291;214;;39;55;91;99;;201;216;190;200;;371;356;352;410;;164;192;179;222;;61;69;53;73;;
1800000;"PODKARPACKIE";409;729;668;811;;1004;1672;1387;1568;;570;803;673;904;;89;148;175;342;;833;931;826;1040;;1429;1749;1613;1890;;618;735;708;834;;123;149;182;206;;
1801000;"Powiat bieszczadzki";0;0;0;13;;0;0;0;10;;0;0;0;16;;0;0;0;4;;16;21;15;26;;33;22;25;38;;12;13;9;11;;0;3;0;0;;
1802000;"Powiat brzozowski";0;0;0;0;;0;19;10;8;;0;5;0;9;;0;0;0;0;;8;8;0;4;;11;14;5;8;;7;0;7;13;;0;0;0;0;;
1803000;"Powiat dębicki";4;4;4;61;;18;19;8;89;;6;5;3;39;;0;0;0;6;;33;39;27;49;;53;79;67;114;;13;22;36;69;;6;7;10;12;;
1804000;"Powiat jarosławski";9;3;0;24;;30;59;30;59;;25;11;11;20;;8;3;0;3;;42;45;37;49;;52;59;82;74;;36;29;35;44;;9;10;13;18;;
1805000;"Powiat jasielski";0;0;0;0;;0;0;0;4;;0;0;0;0;;0;0;0;0;;25;12;23;35;;32;41;29;30;;12;16;5;15;;0;12;8;3;;
1806000;"Powiat kolbuszowski";8;0;0;0;;27;3;6;0;;14;4;0;10;;0;7;0;0;;4;0;4;6;;3;3;5;5;;4;5;3;0;;0;3;0;0;;
1807000;"Powiat krośnieński";4;0;0;3;;3;0;0;0;;0;0;0;0;;0;0;0;0;;5;13;7;3;;9;7;13;12;;3;0;4;4;;0;4;5;0;;
1808000;"Powiat leżajski";0;0;0;5;;0;0;0;7;;0;0;0;0;;0;0;0;0;;18;15;11;22;;28;40;18;31;;10;12;4;10;;0;0;0;0;;
1809000;"Powiat lubaczowski";0;0;0;0;;0;0;0;0;;0;0;0;0;;0;0;0;0;;9;8;10;5;;12;20;24;23;;10;11;7;15;;0;0;0;3;;
1810000;"Powiat łańcucki";4;6;4;43;;8;28;12;72;;4;7;5;12;;0;0;0;0;;6;19;8;24;;14;32;13;27;;6;4;8;6;;5;4;0;5;;
1811000;"Powiat mielecki";0;0;0;0;;0;6;35;29;;34;23;26;38;;0;0;8;13;;44;36;32;44;;64;62;78;122;;27;47;39;46;;5;7;9;15;;
1812000;"Powiat niżański";0;0;0;0;;0;0;0;0;;0;0;0;0;;0;0;0;0;;8;4;4;9;;13;10;11;11;;7;6;7;12;;0;0;0;0;;
1813000;"Powiat przemyski";0;0;0;0;;0;0;0;0;;0;0;0;0;;0;0;0;0;;12;9;7;8;;27;37;31;40;;6;8;10;18;;0;3;3;4;;
1814000;"Powiat przeworski";0;0;0;0;;0;0;0;0;;0;0;0;0;;0;0;0;0;;13;9;7;7;;19;12;13;25;;11;18;10;13;;0;3;0;0;;
1815000;"Powiat ropczycko-sędziszowski";4;0;0;4;;24;18;20;22;;9;4;7;5;;0;0;0;0;;7;11;3;7;;9;17;17;17;;4;12;28;27;;0;0;0;0;;
1816000;"Powiat rzeszowski";34;86;75;0;;96;103;126;84;;59;61;36;28;;5;6;20;22;;17;10;8;24;;60;59;25;41;;12;27;15;21;;7;4;7;6;;
1817000;"Powiat sanocki";0;5;0;0;;0;39;0;0;;0;22;0;0;;0;3;0;0;;33;26;16;22;;49;37;35;45;;23;19;12;22;;3;3;3;4;;
1818000;"Powiat stalowowolski";3;0;0;0;;0;0;0;0;;9;0;0;0;;0;0;0;0;;74;92;52;90;;145;148;95;177;;55;58;34;48;;4;7;6;3;;
1819000;"Powiat strzyżowski";0;0;0;4;;23;0;0;13;;6;0;0;5;;0;0;0;0;;7;6;6;3;;10;8;6;7;;3;0;5;5;;0;0;0;0;;
1820000;"Powiat tarnobrzeski";0;0;0;0;;7;9;5;3;;7;7;9;0;;0;3;4;4;;12;14;13;21;;31;33;24;26;;7;12;11;9;;0;3;0;0;;
1821000;"Powiat leski";0;5;0;0;;0;9;0;0;;0;8;3;0;;0;3;0;0;;0;5;7;10;;7;6;22;8;;4;0;12;4;;0;0;0;0;;
1861000;"Powiat m. Krosno";0;16;3;10;;7;40;26;15;;0;29;18;5;;0;0;0;0;;29;38;35;32;;52;54;55;59;;16;30;15;20;;6;8;5;9;;
1862000;"Powiat m. Przemyśl";11;15;26;7;;33;35;101;63;;17;30;41;25;;0;6;7;9;;82;94;76;80;;113;136;112;144;;62;55;59;58;;17;17;18;17;;
1863000;"Powiat m. Rzeszów";325;582;553;629;;704;1273;1002;1073;;345;575;512;671;;66;111;129;273;;306;375;386;436;;544;781;767;754;;254;286;308;322;;42;45;83;89;;
1864000;"Powiat m. Tarnobrzeg";0;4;0;0;;19;8;0;16;;32;11;0;15;;0;0;0;3;;21;21;30;24;;39;32;41;52;;14;38;25;22;;0;4;0;5;;
2000000;"PODLASKIE";423;612;600;738;;1327;1456;1495;1985;;649;703;880;1168;;99;146;119;158;;692;744;708;804;;1301;1403;1194;1563;;514;549;450;624;;78;82;106;114;;
2001000;"Powiat augustowski";0;17;0;6;;0;66;0;33;;9;34;0;26;;0;7;0;10;;18;19;16;14;;26;35;29;30;;23;17;23;18;;6;0;9;3;;
2002000;"Powiat białostocki";23;22;17;25;;109;89;97;144;;65;37;103;147;;8;8;17;25;;68;50;51;51;;87;120;74;123;;33;33;29;55;;4;0;4;15;;
2003000;"Powiat bielski";0;0;4;0;;33;22;13;0;;13;4;6;7;;0;0;0;0;;3;11;7;3;;9;21;17;18;;0;4;4;7;;0;0;0;0;;
2004000;"Powiat grajewski";12;0;0;0;;39;40;30;0;;33;17;30;23;;7;0;7;0;;16;17;13;22;;31;32;34;31;;13;21;13;19;;3;0;4;3;;
2005000;"Powiat hajnowski";0;9;8;0;;0;7;23;0;;0;0;5;0;;0;0;0;0;;16;19;9;20;;28;26;21;30;;10;9;3;12;;0;0;0;0;;
2006000;"Powiat kolneński";0;3;0;0;;13;32;0;14;;0;21;0;0;;0;0;0;0;;8;18;13;9;;30;53;17;15;;5;15;12;4;;0;0;5;4;;
2007000;"Powiat łomżyński";0;0;0;0;;0;0;0;0;;0;0;7;0;;0;0;4;3;;3;3;0;0;;6;4;4;7;;0;0;0;0;;0;0;6;4;;
2008000;"Powiat moniecki";0;10;10;4;;0;0;71;6;;0;21;19;0;;0;0;0;0;;4;4;0;0;;10;11;4;4;;5;6;5;0;;0;0;0;0;;
2009000;"Powiat sejneński";0;0;0;0;;0;0;0;0;;0;0;0;0;;0;0;0;0;;0;10;4;4;;4;19;5;7;;3;9;0;3;;0;0;0;0;;
2010000;"Powiat siemiatycki";3;0;0;16;;6;0;0;33;;14;0;0;14;;0;0;0;0;;8;5;4;11;;13;17;8;11;;7;6;0;7;;0;0;0;0;;
2011000;"Powiat sokólski";0;0;0;0;;4;0;0;0;;0;0;0;0;;0;0;0;0;;9;11;5;12;;12;18;29;27;;10;11;9;11;;0;0;0;0;;
2012000;"Powiat suwalski";0;0;0;0;;4;0;0;0;;0;0;0;0;;0;0;0;0;;0;4;0;0;;4;9;0;13;;7;8;4;7;;0;0;0;0;;
2013000;"Powiat wysokomazowiecki";0;0;0;0;;24;4;0;0;;26;0;0;0;;0;0;0;0;;4;6;6;3;;10;20;19;16;;6;8;6;12;;0;0;5;0;;
2014000;"Powiat zambrowski";3;0;4;25;;15;17;13;115;;8;8;6;35;;0;4;0;13;;18;33;23;35;;46;45;42;42;;10;14;16;10;;0;0;0;0;;
2061000;"Powiat m. Białystok";299;471;445;583;;827;971;954;1348;;275;400;445;713;;60;107;64;86;;425;437;469;532;;775;783;736;928;;283;285;235;340;;48;56;54;62;;
2062000;"Powiat m. Łomża";23;14;23;30;;115;62;85;98;;90;42;117;88;;11;5;14;14;;38;45;40;32;;111;78;66;113;;49;47;47;51;;4;6;4;8;;
2063000;"Powiat m. Suwałki";56;62;84;45;;138;146;207;192;;114;116;140;111;;8;14;11;4;;52;52;43;51;;99;112;87;148;;46;54;40;65;;13;6;13;9;;
2200000;"POMORSKIE";2357;2291;2126;2244;;5533;4883;5118;5734;;2907;2723;2573;2998;;1014;1168;1184;1624;;2520;2947;2689;3247;;4843;5151;4993;6212;;2236;2348;2096;2883;;996;1057;1121;1425;;
2201000;"Powiat bytowski";5;0;3;0;;48;0;0;0;;13;0;3;0;;0;0;0;0;;32;38;63;51;;94;134;138;135;;58;58;54;88;;15;14;14;23;;
2202000;"Powiat chojnicki";26;0;8;10;;62;104;112;107;;51;52;49;32;;9;12;9;15;;23;44;52;49;;90;97;80;83;;52;46;59;57;;24;18;14;13;;
2203000;"Powiat człuchowski";0;0;0;0;;0;0;3;41;;0;0;0;3;;0;0;0;0;;40;37;43;44;;77;89;115;141;;39;48;60;74;;6;14;13;12;;
2204000;"Powiat gdański";245;83;39;116;;405;250;107;310;;135;145;74;308;;46;58;77;151;;97;143;155;159;;247;268;343;391;;123;142;127;157;;68;83;95;101;;
2205000;"Powiat kartuski";15;0;31;28;;71;86;71;46;;370;328;115;120;;44;50;55;95;;11;23;17;25;;35;37;44;70;;69;84;82;150;;21;60;108;72;;
2206000;"Powiat kościerski";9;0;9;4;;35;8;88;39;;23;6;16;3;;0;0;6;0;;26;28;30;21;;48;61;69;51;;21;15;15;23;;5;6;3;10;;
2207000;"Powiat kwidzyński";5;4;11;4;;0;6;47;25;;11;3;13;7;;0;7;10;3;;49;47;59;54;;124;115;89;100;;46;53;48;59;;26;26;19;28;;
2208000;"Powiat lęborski";28;24;44;26;;33;39;58;30;;25;6;14;9;;23;10;5;15;;107;137;124;154;;164;150;148;209;;90;96;83;93;;36;42;54;97;;
2209000;"Powiat malborski";25;27;33;9;;68;63;77;67;;33;37;31;5;;3;0;3;12;;65;71;64;82;;158;132;125;170;;44;56;35;63;;20;7;12;17;;
2210000;"Powiat nowodworski";3;13;30;15;;21;18;69;34;;7;7;30;17;;0;0;0;8;;53;114;62;72;;41;48;46;74;;14;12;13;19;;5;3;7;9;;
2211000;"Powiat pucki";134;107;108;107;;182;148;202;226;;115;127;143;181;;82;117;148;120;;65;80;74;93;;125;121;123;187;;70;65;49;88;;42;48;67;66;;
2212000;"Powiat słupski";40;3;29;6;;31;16;102;96;;13;11;15;73;;4;0;5;13;;49;57;57;61;;114;95;88;136;;50;37;37;56;;10;11;18;23;;
2213000;"Powiat starogardzki";25;16;20;21;;111;82;127;184;;29;49;80;37;;8;6;3;10;;67;77;60;74;;94;113;113;161;;27;67;39;55;;14;22;25;40;;
2214000;"Powiat tczewski";56;26;64;76;;164;89;145;124;;54;46;53;75;;13;14;8;12;;119;138;108;150;;210;226;188;236;;86;79;85;91;;28;24;27;41;;
2215000;"Powiat wejherowski";193;192;187;303;;364;437;650;890;;161;233;276;312;;105;214;200;392;;250;281;235;276;;384;394;367;484;;122;131;118;132;;53;62;77;67;;
2216000;"Powiat sztumski";0;0;0;0;;0;0;0;0;;0;0;0;0;;0;0;0;0;;24;35;23;37;;45;44;33;45;;20;13;20;23;;5;3;9;4;;
2261000;"Powiat m. Gdańsk";1412;1637;1282;1091;;3194;2918;2298;2565;;1376;1316;1147;1320;;321;350;322;419;;828;960;873;1052;;1560;1753;1635;1986;;721;770;673;969;;270;274;245;297;;
2262000;"Powiat m. Gdynia";75;102;106;352;;536;450;631;678;;365;302;381;383;;245;203;256;278;;375;380;349;513;;824;856;845;1040;;365;372;315;455;;193;201;170;281;;
2263000;"Powiat m. Słupsk";52;53;106;69;;173;161;271;232;;98;53;103;89;;87;119;68;70;;162;184;165;193;;308;308;288;369;;174;125;106;125;;76;76;70;78;;
2264000;"Powiat m. Sopot";8;0;16;4;;31;6;58;38;;28;0;28;21;;20;5;9;11;;78;73;76;87;;101;110;116;144;;45;79;78;106;;79;63;74;146;;
2400000;"ŚLĄSKIE";414;585;768;1056;;1124;1249;1766;2025;;656;857;875;1163;;272;366;343;462;;4166;4206;4042;5021;;6696;6614;6361;7826;;2711;2777;2462;3079;;987;1071;924;1158;;
2401000;"Powiat będziński";10;21;6;5;;23;106;44;56;;13;5;14;10;;14;3;4;5;;157;137;152;211;;232;217;174;241;;80;90;90;103;;17;12;13;25;;
2402000;"Powiat bielski";21;6;20;74;;46;15;26;133;;8;7;9;44;;0;0;13;30;;29;66;48;48;;64;81;82;120;;13;16;23;43;;12;10;17;29;;
2403000;"Powiat cieszyński";8;44;14;12;;19;51;30;30;;7;24;0;15;;0;6;0;0;;55;79;49;45;;103;99;101;45;;58;49;43;33;;25;26;24;16;;
2404000;"Powiat częstochowski";0;0;0;0;;0;0;0;0;;0;0;0;0;;0;0;0;0;;24;26;22;30;;33;32;26;37;;7;4;0;8;;0;8;0;0;;
2405000;"Powiat gliwicki";4;3;7;3;;0;8;25;73;;15;56;14;44;;12;9;6;4;;79;93;67;105;;153;130;148;196;;75;63;48;53;;10;16;11;13;;
2406000;"Powiat kłobucki";0;0;0;0;;0;0;0;0;;0;0;0;0;;0;0;0;0;;16;12;9;14;;9;12;10;18;;3;3;0;0;;0;0;0;0;;
2407000;"Powiat lubliniecki";0;0;0;0;;3;0;0;0;;6;0;0;4;;6;0;0;5;;15;23;18;17;;33;24;20;46;;10;26;7;18;;5;6;6;9;;
2408000;"Powiat mikołowski";3;3;14;45;;11;20;49;66;;16;11;24;34;;3;7;5;7;;36;40;41;46;;85;76;61;88;;38;48;29;42;;13;11;7;26;;
2409000;"Powiat myszkowski";0;4;4;25;;15;5;13;7;;15;0;5;0;;0;0;0;0;;22;25;25;29;;44;28;27;36;;11;11;13;7;;0;0;7;4;;
2410000;"Powiat pszczyński";12;16;0;3;;32;26;8;21;;6;13;4;22;;0;0;0;4;;45;49;35;46;;128;110;87;96;;75;71;68;74;;41;18;32;34;;
2411000;"Powiat raciborski";0;16;18;34;;5;6;20;24;;0;3;0;0;;0;0;0;4;;66;50;67;84;;118;120;111;146;;53;49;33;46;;22;26;11;18;;
2412000;"Powiat rybnicki";0;3;0;0;;0;9;6;0;;0;0;0;0;;0;0;0;0;;22;17;21;19;;56;40;34;62;;21;21;11;24;;0;0;0;4;;
2413000;"Powiat tarnogórski";17;30;8;3;;53;73;22;19;;16;18;56;27;;15;18;42;32;;54;64;58;71;;92;87;89;125;;65;69;64;93;;24;34;18;58;;
2414000;"Powiat bieruńsko-lędziński";6;4;0;3;;4;0;0;0;;0;0;0;0;;0;0;0;0;;36;37;24;38;;36;46;53;51;;21;20;22;16;;0;0;0;0;;
2415000;"Powiat wodzisławski";0;3;0;3;;0;0;0;4;;0;0;5;3;;0;0;0;0;;57;73;72;66;;122;110;104;118;;34;38;36;37;;0;5;9;15;;
2416000;"Powiat zawierciański";0;0;0;0;;0;0;0;0;;0;0;0;0;;0;0;0;0;;61;85;71;61;;115;129;103;108;;39;36;23;27;;4;6;0;5;;
2417000;"Powiat żywiecki";3;0;0;0;;16;0;0;4;;3;0;0;0;;0;0;0;0;;18;26;16;21;;31;34;40;41;;17;30;10;24;;9;13;14;23;;
2461000;"Powiat m. Bielsko-Biała";21;21;32;48;;93;135;110;151;;39;79;49;66;;20;38;13;29;;160;153;160;176;;248;249;301;327;;135;130;123;161;;88;106;100;117;;
2462000;"Powiat m. Bytom";16;28;24;44;;16;37;25;46;;10;7;5;18;;0;0;4;13;;420;424;411;423;;571;598;557;624;;206;256;200;265;;110;148;127;142;;
2463000;"Powiat m. Chorzów";12;15;12;41;;54;86;122;57;;59;64;71;46;;19;14;31;11;;179;149;150;205;;251;264;271;295;;78;72;80;87;;46;38;52;41;;
2464000;"Powiat m. Częstochowa";18;27;73;54;;62;67;147;111;;39;59;112;75;;9;45;31;16;;195;288;272;345;;340;472;444;543;;97;148;148;163;;26;43;38;62;;
2465000;"Powiat m. Dąbrowa Górnicza";0;7;22;27;;3;11;65;77;;11;24;25;33;;13;13;13;28;;72;111;109;175;;127;123;157;257;;46;58;78;95;;16;8;15;31;;
2466000;"Powiat m. Gliwice";62;46;90;174;;192;175;278;339;;127;172;204;126;;59;69;81;86;;325;305;247;384;;506;445;412;621;;252;193;195;249;;139;116;102;150;;
2467000;"Powiat m. Jastrzębie-Zdrój";0;3;0;0;;0;0;0;4;;0;0;0;0;;0;0;0;9;;65;66;69;78;;127;125;121;141;;59;44;48;41;;0;0;0;4;;
2468000;"Powiat m. Jaworzno";5;8;0;6;;5;9;5;10;;10;8;3;14;;0;0;0;0;;112;140;80;104;;158;289;175;234;;64;102;45;71;;10;28;12;10;;
2469000;"Powiat m. Katowice";50;54;42;52;;77;78;53;55;;30;37;14;16;;18;41;17;9;;427;372;412;380;;758;659;613;518;;356;316;272;255;;160;150;108;94;;
2470000;"Powiat m. Mysłowice";5;8;5;7;;25;37;33;18;;23;62;23;7;;12;24;6;9;;123;47;40;97;;164;111;92;205;;71;59;38;80;;16;11;5;17;;
2471000;"Powiat m. Piekary Śląskie";4;3;3;3;;17;5;12;38;;28;3;7;21;;0;0;0;4;;58;55;59;78;;110;98;100;123;;45;48;50;49;;5;5;7;10;;
2472000;"Powiat m. Ruda Śląska";16;19;25;33;;15;21;30;46;;5;7;22;15;;0;10;5;8;;245;197;242;244;;342;349;319;431;;83;76;92;120;;24;17;20;21;;
2473000;"Powiat m. Rybnik";3;9;5;32;;26;28;20;83;;32;18;20;73;;14;4;10;30;;89;98;87;121;;173;172;148;214;;116;99;81;118;;31;35;14;33;;
2474000;"Powiat m. Siemianowice Śląskie";41;17;17;26;;23;47;29;75;;21;45;17;47;;7;12;5;9;;130;116;96;114;;186;157;140;155;;53;64;66;54;;7;27;32;21;;
2475000;"Powiat m. Sosnowiec";12;50;77;144;;13;43;168;173;;14;20;21;96;;8;0;4;14;;129;117;234;290;;200;154;327;452;;56;58;80;176;;12;9;23;24;;
2476000;"Powiat m. Świętochłowice";3;3;0;10;;4;0;56;45;;0;0;16;63;;0;0;0;11;;79;65;74;127;;120;83;90;126;;30;39;23;42;;6;8;0;4;;
2477000;"Powiat m. Tychy";45;88;195;52;;214;93;299;153;;55;33;63;67;;20;21;28;44;;177;190;148;252;;272;313;285;365;;112;129;124;163;;22;29;30;21;;
2478000;"Powiat m. Zabrze";11;25;39;49;;40;52;59;71;;28;75;59;120;;9;19;17;28;;375;397;340;433;;484;487;432;493;;174;192;150;197;;75;87;58;65;;
2479000;"Powiat m. Żory";0;0;5;41;;15;3;7;35;;19;0;8;50;;4;8;0;10;;14;14;17;44;;105;91;107;128;;58;50;47;45;;4;10;5;9;;
2600000;"ŚWIĘTOKRZYSKIE";180;138;263;246;;359;391;599;595;;203;222;433;346;;53;93;122;119;;583;589;515;679;;878;959;813;1149;;304;261;275;357;;58;69;67;90;;
2601000;"Powiat buski";0;0;4;14;;0;5;5;25;;3;4;4;8;;5;0;0;0;;10;12;12;32;;21;22;21;56;;8;8;9;12;;0;3;0;5;;
2602000;"Powiat jędrzejowski";0;0;0;4;;3;0;0;5;;0;0;8;0;;0;0;0;0;;23;29;34;40;;50;70;73;72;;16;13;17;10;;0;0;0;3;;
2603000;"Powiat kazimierski";0;0;0;0;;0;0;0;0;;0;0;0;0;;0;0;0;0;;4;9;5;3;;3;7;5;7;;3;3;4;0;;0;0;0;0;;
2604000;"Powiat kielecki";0;0;0;19;;0;21;10;53;;0;18;11;20;;0;4;3;7;;0;4;3;8;;5;6;6;20;;6;15;4;12;;0;0;0;0;;
2605000;"Powiat konecki";6;0;7;0;;0;5;7;0;;0;0;0;0;;0;0;0;0;;21;22;13;17;;34;31;16;30;;12;5;4;10;;0;0;0;3;;
2606000;"Powiat opatowski";4;0;0;0;;13;3;9;12;;3;0;0;5;;0;0;0;0;;3;10;7;10;;9;15;16;11;;4;0;5;0;;0;0;0;0;;
2607000;"Powiat ostrowiecki";0;0;0;4;;0;0;0;14;;0;0;0;13;;0;0;0;0;;33;33;63;69;;55;56;67;117;;9;8;14;26;;0;0;0;3;;
2608000;"Powiat pińczowski";0;0;0;0;;0;0;0;0;;0;0;0;0;;0;0;0;0;;7;8;5;12;;18;14;15;12;;4;6;8;6;;0;0;0;0;;
2609000;"Powiat sandomierski";0;0;0;0;;0;0;0;3;;0;0;0;0;;0;0;0;0;;17;3;0;20;;21;4;18;33;;9;0;4;17;;0;0;3;0;;
2610000;"Powiat skarżyski";0;0;0;0;;3;0;0;0;;0;0;0;0;;0;3;0;0;;52;55;31;55;;99;100;57;95;;25;19;18;29;;8;7;4;10;;
2611000;"Powiat starachowicki";0;0;0;3;;9;0;0;4;;4;0;0;7;;0;0;0;0;;72;82;70;82;;111;109;88;119;;25;21;22;40;;4;9;0;8;;
2612000;"Powiat staszowski";0;0;5;5;;0;0;12;21;;0;0;12;7;;0;0;0;3;;15;8;12;12;;17;21;23;20;;14;7;10;13;;0;0;0;4;;
2613000;"Powiat włoszczowski";0;0;0;0;;0;0;0;0;;0;0;0;0;;0;0;0;0;;12;13;5;14;;13;15;10;18;;3;5;5;3;;0;0;0;0;;
2661000;"Powiat m. Kielce";165;132;246;192;;329;352;551;457;;192;200;397;284;;47;84;116;103;;312;301;253;305;;422;489;398;539;;166;147;151;176;;40;43;48;46;;
2800000;"WARMIŃSKO-MAZURSKIE";483;476;363;503;;1438;1338;1571;1359;;687;742;758;675;;192;108;174;259;;1665;1811;1638;1942;;2705;3076;2846;3543;;1084;1258;1249;1418;;359;360;348;390;;
2801000;"Powiat bartoszycki";5;0;0;0;;20;0;5;16;;0;0;0;3;;0;0;0;0;;63;51;55;51;;88;92;102;110;;27;53;37;42;;11;7;8;7;;
2802000;"Powiat braniewski";0;0;0;0;;4;0;8;0;;3;0;0;0;;0;0;4;0;;56;36;39;52;;90;93;83;88;;26;36;28;32;;8;5;3;13;;
2803000;"Powiat działdowski";18;14;16;17;;49;28;42;39;;39;43;26;4;;0;0;0;0;;39;66;62;45;;92;104;92;88;;28;67;34;43;;6;6;9;3;;
2804000;"Powiat elbląski";0;0;0;0;;0;15;0;7;;0;9;0;0;;0;0;0;0;;25;41;24;40;;49;58;55;78;;22;41;27;28;;8;8;9;13;;
2805000;"Powiat ełcki";12;37;15;43;;32;103;142;218;;49;95;98;108;;19;40;25;29;;91;114;94;94;;190;217;204;190;;87;116;122;121;;39;61;55;28;;
2806000;"Powiat giżycki";14;12;15;3;;27;47;114;13;;34;19;112;42;;4;7;12;7;;82;91;79;47;;176;141;134;122;;73;80;63;57;;22;20;16;17;;
2807000;"Powiat iławski";92;32;33;22;;294;140;50;76;;111;60;27;37;;18;3;0;0;;88;87;98;118;;106;170;165;245;;49;57;79;79;;8;12;17;26;;
2808000;"Powiat kętrzyński";7;5;4;5;;11;21;9;11;;0;6;6;6;;0;0;0;3;;83;96;65;90;;106;144;128;165;;42;48;44;49;;14;15;19;10;;
2809000;"Powiat lidzbarski";0;0;0;0;;0;3;0;0;;0;0;0;0;;0;0;0;0;;53;61;53;62;;51;69;57;94;;42;29;42;53;;10;4;12;10;;
2810000;"Powiat mrągowski";0;0;0;0;;11;0;0;12;;0;6;0;3;;0;0;0;0;;57;53;59;73;;57;147;88;93;;24;35;40;52;;4;10;6;18;;
2811000;"Powiat nidzicki";0;13;0;0;;34;46;32;21;;12;34;10;0;;0;0;0;4;;34;23;24;33;;44;43;26;52;;23;23;21;26;;3;0;3;3;;
2812000;"Powiat nowomiejski";10;0;0;0;;25;15;10;3;;0;0;0;0;;0;0;0;0;;21;14;17;23;;28;24;22;45;;9;7;3;19;;4;7;0;3;;
2813000;"Powiat olecki";6;0;0;0;;45;10;0;0;;29;0;0;0;;0;0;0;0;;22;30;33;42;;58;74;84;105;;29;30;44;49;;4;5;8;8;;
2814000;"Powiat olsztyński";101;165;53;203;;369;300;177;258;;100;147;98;117;;71;12;62;79;;97;94;79;133;;163;170;164;250;;63;96;65;96;;20;35;22;42;;
2815000;"Powiat ostródzki";36;0;3;5;;62;5;152;35;;45;0;55;23;;0;0;7;5;;108;139;113;127;;156;201;182;202;;71;93;84;82;;26;18;27;24;;
2816000;"Powiat piski";0;0;0;0;;5;7;0;13;;0;0;0;4;;0;0;0;0;;54;44;49;70;;115;100;92;96;;37;57;25;41;;7;5;7;7;;
2817000;"Powiat szczycieński";20;20;21;20;;36;56;45;47;;0;6;7;4;;0;3;0;0;;47;44;47;67;;71;95;93;83;;30;33;50;47;;10;8;8;11;;
2818000;"Powiat gołdapski";7;13;5;0;;20;22;4;0;;18;19;3;0;;0;0;0;0;;21;26;19;25;;43;46;40;67;;13;24;13;31;;7;4;8;5;;
2819000;"Powiat węgorzewski";0;0;6;23;;5;27;3;29;;3;8;3;11;;0;0;0;0;;18;15;25;30;;50;30;34;55;;11;16;19;14;;0;4;4;0;;
2861000;"Powiat m. Elbląg";36;36;27;51;;105;89;213;84;;92;75;105;64;;40;11;15;24;;186;227;279;269;;346;423;442;535;;117;118;203;176;;43;45;41;66;;
2862000;"Powiat m. Olsztyn";115;120;156;105;;282;402;563;474;;146;209;203;246;;31;28;45;106;;420;459;325;451;;626;635;559;780;;261;199;206;281;;103;80;64;76;;
3000000;"WIELKOPOLSKIE";1793;1068;1576;1804;;4832;3346;3992;4418;;2586;1848;1963;2130;;1004;1147;1411;1276;;1896;1640;1560;1977;;3543;3645;3443;4478;;1871;1714;1684;2140;;969;808;879;1040;;
3001000;"Powiat chodzieski";0;0;4;15;;0;5;10;14;;0;0;10;10;;0;0;0;0;;19;11;5;19;;48;53;28;71;;18;24;5;37;;6;3;6;10;;
3002000;"Powiat czarnkowsko-trzcianecki";0;0;7;0;;0;41;13;0;;0;35;5;0;;0;0;0;0;;12;8;23;31;;40;27;39;58;;31;21;20;41;;8;0;6;12;;
3003000;"Powiat gnieźnieński";30;43;24;55;;89;103;134;188;;18;40;53;91;;9;24;22;46;;56;91;59;70;;96;154;133;223;;41;51;48;69;;12;19;15;35;;
3004000;"Powiat gostyński";4;8;3;21;;68;87;13;117;;21;17;6;22;;0;6;5;11;;10;17;6;15;;31;38;33;47;;26;16;17;25;;16;20;44;41;;
3005000;"Powiat grodziski";21;3;5;14;;35;36;52;57;;4;14;9;6;;0;0;0;0;;10;9;13;16;;30;26;39;37;;18;11;24;19;;7;6;8;7;;
3006000;"Powiat jarociński";0;22;77;60;;45;24;103;173;;25;16;13;40;;14;11;7;15;;12;20;20;24;;34;55;40;40;;26;29;28;36;;7;5;9;17;;
3007000;"Powiat kaliski";0;0;0;0;;0;0;0;0;;0;3;0;0;;0;3;0;0;;3;4;3;4;;5;0;0;4;;5;4;0;0;;4;5;3;6;;
3008000;"Powiat kępiński";9;0;27;29;;24;8;43;60;;19;0;8;36;;0;0;6;8;;3;12;12;7;;10;79;26;32;;9;30;15;22;;4;11;11;6;;
3009000;"Powiat kolski";0;0;3;3;;0;4;12;5;;0;0;6;0;;0;0;0;0;;23;29;15;26;;36;43;62;55;;8;8;7;20;;0;0;3;0;;
3010000;"Powiat koniński";12;0;0;0;;15;0;0;0;;3;0;0;0;;0;0;0;0;;11;6;16;25;;25;18;20;24;;10;9;18;10;;0;0;0;9;;
3011000;"Powiat kościański";32;16;25;15;;77;49;113;33;;16;8;30;6;;4;0;10;8;;16;17;17;27;;47;57;67;76;;20;26;46;59;;32;37;36;60;;
3012000;"Powiat krotoszyński";7;32;17;0;;29;60;49;17;;24;30;36;12;;0;0;0;0;;17;40;25;18;;36;58;53;74;;21;35;32;29;;22;14;9;12;;
3013000;"Powiat leszczyński";8;10;33;24;;26;0;30;13;;9;8;38;34;;28;28;9;34;;0;6;7;11;;36;40;50;57;;34;34;46;29;;26;27;47;94;;
3014000;"Powiat międzychodzki";0;0;0;10;;5;0;6;12;;6;3;6;16;;0;0;6;4;;20;13;17;17;;35;30;29;35;;23;23;14;28;;6;7;10;21;;
3015000;"Powiat nowotomyski";0;0;4;0;;57;0;44;6;;24;6;28;6;;0;0;0;0;;13;19;7;34;;49;73;67;118;;38;39;32;78;;9;14;13;19;;
3016000;"Powiat obornicki";0;0;9;0;;84;85;137;68;;24;35;19;28;;0;5;9;18;;26;27;27;24;;68;83;92;98;;41;43;42;58;;10;13;33;31;;
3017000;"Powiat ostrowski";33;25;49;33;;175;99;151;189;;73;31;55;74;;0;0;5;9;;57;61;53;62;;148;162;86;158;;59;75;66;77;;25;24;22;34;;
3018000;"Powiat ostrzeszowski";8;0;0;0;;48;5;45;0;;10;0;7;0;;0;0;0;0;;5;5;4;3;;12;17;23;21;;9;6;3;8;;4;0;3;3;;
3019000;"Powiat pilski";50;35;99;122;;55;59;117;167;;50;17;65;115;;12;16;32;49;;118;145;122;129;;184;212;174;270;;90;113;84;107;;29;27;25;34;;
3020000;"Powiat pleszewski";0;6;0;0;;0;17;11;0;;0;6;5;32;;0;0;3;8;;11;6;8;14;;19;15;8;59;;13;21;12;40;;11;3;6;0;;
3021000;"Powiat poznański";231;98;123;111;;642;658;695;293;;952;971;793;274;;530;812;917;537;;88;97;74;150;;373;457;380;589;;312;307;328;414;;269;233;175;168;;
3022000;"Powiat rawicki";29;14;17;0;;27;45;37;4;;32;26;16;0;;0;0;8;10;;12;18;13;20;;47;47;47;55;;17;19;16;20;;9;10;11;13;;
3023000;"Powiat słupecki";0;3;0;0;;0;0;0;0;;0;0;0;0;;0;0;0;0;;17;22;9;29;;21;61;55;51;;9;6;12;16;;0;3;4;10;;
3024000;"Powiat szamotulski";22;28;56;58;;67;129;76;75;;41;43;45;39;;9;20;45;57;;25;23;34;41;;56;75;83;93;;45;51;61;59;;25;31;49;47;;
3025000;"Powiat średzki";33;12;0;28;;137;87;24;70;;66;73;34;46;;0;3;0;16;;19;12;5;4;;47;28;19;30;;26;17;7;12;;8;0;4;0;;
3026000;"Powiat śremski";19;13;53;14;;117;76;106;32;;23;18;16;10;;18;4;11;7;;28;17;18;22;;70;91;70;115;;30;27;30;39;;23;11;27;32;;
3027000;"Powiat turecki";0;0;4;0;;8;9;6;8;;0;0;4;13;;0;0;0;0;;38;31;38;60;;54;62;49;118;;28;12;18;15;;3;0;0;0;;
3028000;"Powiat wągrowiecki";0;4;6;25;;65;59;32;65;;8;3;12;29;;4;6;11;17;;19;20;14;34;;59;74;57;74;;25;27;20;43;;9;14;11;18;;
3029000;"Powiat wolsztyński";0;0;0;0;;33;6;41;53;;16;0;26;25;;3;0;0;0;;14;6;4;0;;21;44;29;31;;16;11;17;27;;8;7;9;5;;
3030000;"Powiat wrzesiński";66;48;93;45;;274;246;306;166;;99;59;115;55;;17;23;14;19;;43;49;44;65;;105;139;131;165;;34;48;39;65;;18;18;12;28;;
3031000;"Powiat złotowski";0;12;3;4;;25;24;19;9;;9;11;5;0;;0;0;3;0;;26;48;36;61;;64;123;110;144;;43;70;40;67;;11;24;24;17;;
3061000;"Powiat m. Kalisz";34;7;15;39;;99;128;37;48;;61;15;21;49;;6;0;0;0;;155;164;152;186;;183;274;288;264;;93;91;124;132;;22;24;15;31;;
3062000;"Powiat m. Konin";27;0;11;38;;43;11;29;131;;23;12;13;26;;4;3;0;5;;138;132;146;143;;143;159;149;231;;44;57;45;71;;10;12;6;11;;
3063000;"Powiat m. Leszno";13;68;83;45;;66;77;117;94;;28;49;52;65;;7;27;27;74;;42;29;41;36;;99;97;98;112;;59;57;49;51;;32;29;52;58;;
3064000;"Powiat m. Poznań";1095;555;718;990;;2390;1103;1383;2248;;899;296;412;965;;322;146;251;322;;789;426;473;548;;1212;673;807;849;;550;296;318;315;;281;149;167;145;;
3200000;"ZACHODNIOPOMORSKIE";1224;1144;598;1012;;1788;1284;1010;1282;;802;631;371;522;;323;282;146;299;;1876;1763;1046;1478;;3334;3272;2006;2939;;1624;1550;920;1329;;707;767;395;603;;
3201000;"Powiat białogardzki";0;0;0;3;;16;6;23;8;;7;0;3;6;;0;0;0;0;;57;59;41;47;;82;90;75;95;;46;53;29;56;;18;19;11;20;;
3202000;"Powiat choszczeński";0;0;0;0;;17;15;4;4;;12;20;13;8;;3;0;0;0;;31;35;29;34;;72;79;71;105;;46;40;44;58;;12;5;9;17;;
3203000;"Powiat drawski";0;0;0;0;;0;0;0;0;;0;0;0;0;;0;4;0;0;;33;38;36;32;;94;102;80;113;;45;49;46;49;;11;13;15;17;;
3204000;"Powiat goleniowski";5;17;0;0;;8;35;18;44;;0;43;0;10;;0;11;3;0;;76;69;57;44;;133;111;132;107;;79;49;57;28;;41;22;16;14;;
3205000;"Powiat gryficki";0;0;3;28;;4;3;8;65;;3;12;8;25;;0;0;10;7;;55;54;46;51;;124;125;116;136;;47;43;36;51;;13;16;23;21;;
3206000;"Powiat gryfiński";0;0;4;23;;0;0;13;94;;0;9;3;15;;12;18;0;8;;49;52;43;57;;120;107;113;139;;79;71;57;75;;17;29;22;18;;
3207000;"Powiat kamieński";115;170;119;123;;105;61;172;45;;16;0;8;10;;5;0;6;10;;56;50;72;61;;80;66;66;67;;33;24;28;22;;14;13;9;11;;
3208000;"Powiat kołobrzeski";312;126;52;461;;277;163;102;528;;48;27;23;167;;24;6;0;91;;174;129;63;216;;231;187;99;336;;100;78;41;148;;34;42;29;55;;
3209000;"Powiat koszaliński";82;253;138;115;;127;108;124;68;;19;22;14;44;;11;4;5;4;;54;71;75;99;;118;115;102;158;;37;44;37;50;;13;17;14;27;;
3210000;"Powiat myśliborski";0;8;6;16;;10;16;22;24;;15;0;19;26;;5;4;4;6;;41;53;39;57;;97;95;90;128;;44;44;36;56;;12;12;10;14;;
3211000;"Powiat policki";17;11;34;11;;51;63;49;81;;44;75;56;76;;32;94;41;108;;39;37;27;56;;99;111;68;156;;64;111;55;116;;66;95;46;120;;
3212000;"Powiat pyrzycki";0;3;0;0;;0;10;6;0;;0;21;6;0;;0;0;0;0;;26;32;37;37;;62;53;53;78;;20;22;23;28;;6;8;5;10;;
3213000;"Powiat sławieński";20;50;45;49;;19;49;13;19;;0;7;5;6;;0;0;4;15;;61;56;90;96;;88;82;134;178;;49;36;39;37;;15;12;19;21;;
3214000;"Powiat stargardzki";94;42;97;59;;115;68;206;159;;56;12;67;63;;13;19;15;9;;142;121;110;142;;290;261;298;303;;140;118;114;123;;39;44;44;49;;
3215000;"Powiat szczecinecki";3;31;28;31;;28;58;97;66;;34;10;82;29;;0;6;26;13;;102;99;81;94;;186;192;178;189;;85;72;83;109;;37;31;23;34;;
3216000;"Powiat świdwiński";0;0;0;0;;8;0;0;0;;6;0;0;0;;4;0;0;0;;43;34;45;46;;74;76;79;78;;61;41;53;59;;9;16;19;20;;
3217000;"Powiat wałecki";0;0;11;0;;20;0;44;11;;4;0;6;0;;9;3;0;0;;26;40;42;55;;75;102;93;123;;38;61;34;55;;17;23;12;16;;
3218000;"Powiat łobeski";0;0;0;0;;0;0;22;20;;0;0;7;7;;0;0;0;0;;26;29;18;23;;60;57;28;54;;25;42;14;31;;0;4;4;4;;
3261000;"Powiat m. Koszalin";0;0;0;0;;5;5;0;0;;3;7;0;0;;0;0;0;0;;210;151;0;0;;322;246;0;0;;119;92;0;0;;33;17;0;0;;
3262000;"Powiat m. Szczecin";527;375;5;27;;918;581;5;10;;516;334;3;8;;191;90;17;13;;522;491;35;151;;847;930;52;270;;434;425;55;127;;289;305;58;83;;
3263000;"Powiat m. Świnoujście";41;51;53;61;;58;42;80;34;;18;27;45;20;;7;16;6;13;;53;63;60;80;;80;85;79;126;;33;35;39;51;;9;24;7;32;;
