"Kod";"Nazwa";"rynek pierwotny;ogółem;2018;[zł]";"rynek pierwotny;ogółem;2019;[zł]";"rynek pierwotny;ogółem;2020;[zł]";"rynek pierwotny;ogółem;2021;[zł]";"rynek pierwotny;ogółem;2022;[zł]";"rynek pierwotny;do 40 m2;2018;[zł]";"rynek pierwotny;do 40 m2;2019;[zł]";"rynek pierwotny;do 40 m2;2020;[zł]";"rynek pierwotny;do 40 m2;2021;[zł]";"rynek pierwotny;do 40 m2;2022;[zł]";"rynek pierwotny;od 40,1 do 60 m2;2018;[zł]";"rynek pierwotny;od 40,1 do 60 m2;2019;[zł]";"rynek pierwotny;od 40,1 do 60 m2;2020;[zł]";"rynek pierwotny;od 40,1 do 60 m2;2021;[zł]";"rynek pierwotny;od 40,1 do 60 m2;2022;[zł]";"rynek pierwotny;od 60,1 do 80 m2;2018;[zł]";"rynek pierwotny;od 60,1 do 80 m2;2019;[zł]";"rynek pierwotny;od 60,1 do 80 m2;2020;[zł]";"rynek pierwotny;od 60,1 do 80 m2;2021;[zł]";"rynek pierwotny;od 60,1 do 80 m2;2022;[zł]";"rynek pierwotny;od 80,1 m2;2018;[zł]";"rynek pierwotny;od 80,1 m2;2019;[zł]";"rynek pierwotny;od 80,1 m2;2020;[zł]";"rynek pierwotny;od 80,1 m2;2021;[zł]";"rynek pierwotny;od 80,1 m2;2022;[zł]";
0000000;"POLSKA";25328822800;26046986623;29880158528;40178679091;;3298131628;3401029718;4069834969;5509689713;;10229342357;10223981695;11615681211;14951164733;;7378113745;7580599483;8307515580;10849971039;;4423235070;4841375727;5887126768;8867853606;;
0200000;"DOLNOŚLĄSKIE";3003083634;2881509838;2138252278;5930786451;;337249052;353892506;264281640;879280250;;1241126747;1203440145;895162661;2315304152;;909489576;846958101;603760681;1547537745;;515218259;477219086;375047296;1188664304;;
0201000;"Powiat bolesławiecki";15318110;16374000;27597345;48174440;;343550;0;1465000;3269610;;5239805;2749000;12293170;11818095;;7223197;4992000;9331860;26896003;;2511558;8573000;4507315;6190732;;
0202000;"Powiat dzierżoniowski";1696510;1345740;3677626;9487490;;230000;0;0;317593;;741000;817740;805530;1436806;;0;0;0;4174957;;0;0;2354960;3558134;;
0203000;"Powiat głogowski";44499029;18592781;9685550;36215357;;2680154;1899210;0;3727643;;21960856;5820335;0;14790493;;10803702;4113196;4166750;7855550;;9054317;6760040;5295800;9841671;;
0204000;"Powiat górowski";0;0;389800;1031000;;0;0;0;0;;0;0;389800;593000;;0;0;0;0;;0;0;0;0;;
0205000;"Powiat jaworski";0;0;1919000;11321005;;0;0;0;4416056;;0;0;536000;4549792;;0;0;0;1339157;;0;0;0;0;;
0206000;"Powiat karkonoski";22254959;13649898;24111074;41052960;;5916494;0;7152862;4769500;;13874406;6158778;10473518;18119659;;2274059;1347250;2616694;6841425;;0;5636450;3868000;11322376;;
0207000;"Powiat kamiennogórski";0;0;0;1951440;;0;0;0;0;;0;0;0;840000;;0;0;0;671440;;0;0;0;0;;
0208000;"Powiat kłodzki";35748064;21613579;24884209;27222841;;13267771;2084175;2905696;7613208;;14962421;10536666;12139154;8299243;;6158067;7651562;8786769;9148810;;0;1341176;0;2161580;;
0209000;"Powiat legnicki";1670785;0;1588186;7606911;;0;0;0;0;;1301499;0;0;1657211;;0;0;1588186;3285312;;0;0;0;2486248;;
0210000;"Powiat lubański";2506232;3338696;0;0;;979722;517700;0;0;;1121990;2165774;0;0;;0;655222;0;0;;0;0;0;0;;
0211000;"Powiat lubiński";57725372;58934836;62111470;79962614;;4956654;4333743;5391184;7592531;;20361906;29362597;23938836;29521922;;24154344;18696512;23154897;30060320;;8252468;6541984;9626553;12787841;;
0212000;"Powiat lwówecki";0;0;0;0;;0;0;0;0;;0;0;0;0;;0;0;0;0;;0;0;0;0;;
0213000;"Powiat milicki";2607950;3185620;23593722;11993800;;0;0;4220663;857800;;0;0;11180295;6484700;;0;0;4767764;3216300;;2607950;2875000;3425000;1435000;;
0214000;"Powiat oleśnicki";37184416;22779005;31197065;12983777;;1288293;0;3962018;1353679;;21380006;9103108;14656304;0;;13323369;11212269;8803431;8999018;;1192748;2073904;3775312;2409000;;
0215000;"Powiat oławski";19724420;7850265;45166631;55488855;;1951038;792958;6342753;4712263;;6103093;3302303;17796591;29408681;;9497289;770000;13446285;7395598;;2173000;2985004;7581002;13972313;;
0216000;"Powiat polkowicki";6023861;19833489;0;21419604;;491790;645615;0;1043384;;1910101;4738499;0;5146398;;3251330;9471242;0;9036922;;0;4978133;0;6192900;;
0217000;"Powiat strzeliński";12502953;10834574;9179291;0;;889550;0;0;0;;8480659;7603080;7575291;0;;3132744;3231494;1132000;0;;0;0;0;0;;
0218000;"Powiat średzki";23613510;16382549;23458368;37594519;;3837374;1796412;5039780;5942894;;11943955;7846337;11087750;14592105;;7242081;2163700;3686738;1019920;;0;4576100;3644100;16039600;;
0219000;"Powiat świdnicki";54548795;52261197;59540811;89416210;;2989704;1593735;3182883;14595394;;19518490;20331404;17643744;36409673;;25554427;22750927;29033743;29366070;;6486174;7585131;9680441;9045073;;
0220000;"Powiat trzebnicki";25316016;15682390;24658437;53851898;;2320678;638700;1243104;4662637;;10435648;2869618;6485557;30304312;;12559690;7443201;11289456;15082330;;0;4730871;5640320;3802619;;
0221000;"Powiat wałbrzyski";2997238;6573938;2867611;4639172;;0;1936697;468000;576800;;1167000;1774811;881836;701000;;0;1451790;1179775;0;;1031388;1410640;0;2959090;;
0222000;"Powiat wołowski";8771383;2348432;24804141;20158852;;0;0;0;883295;;3526467;0;6487523;8990132;;4483705;1250432;15680195;10285425;;0;0;2524124;0;;
0223000;"Powiat wrocławski";240782450;323060338;380598820;512392778;;15604303;22017822;29256759;46117375;;79650921;96317477;133647722;155686190;;91186997;114440247;95954149;99217746;;54340229;90284792;121740190;211371467;;
0224000;"Powiat ząbkowicki";0;824000;5198881;17006800;;0;0;619000;722004;;0;604000;2856308;9784902;;0;0;1723573;6499894;;0;0;0;0;;
0225000;"Powiat zgorzelecki";0;2885108;811082;3081948;;0;0;0;608000;;0;1318237;676082;2190316;;0;1410000;0;0;;0;0;0;0;;
0226000;"Powiat złotoryjski";0;0;1509000;11606663;;0;0;0;0;;0;0;0;3016995;;0;0;0;3215668;;0;0;1509000;5374000;;
0261000;"Powiat m. Jelenia Góra";26249867;42717195;47626811;83945494;;2207092;6047963;3611085;8910824;;11753335;17714149;23419338;39037922;;7758770;11407139;14873475;20784612;;4530670;7547944;5722913;15212136;;
0262000;"Powiat m. Legnica";69217923;48371500;62420372;50811989;;4024035;6289100;4650111;14311345;;20995458;8538160;23656344;19895343;;26698521;22217110;16691536;10825371;;17499909;11327130;17422381;5779930;;
0264000;"Powiat m. Wrocław";2290194944;2169271588;1235783935;4667058919;;272590503;301834161;183399132;740030075;;964044731;962555032;554438453;1855556217;;651658618;598185608;334483055;1227941283;;401901092;306696787;163463295;843531344;;
0265000;"Powiat m. Wałbrzych od 2013";1127000;2229120;3395200;12430115;;247000;0;349500;1743200;;653000;549420;1794515;5601965;;0;1259200;626185;3254700;;0;0;0;1830250;;
0400000;"KUJAWSKO-POMORSKIE";696070736;591768625;602361929;941370791;;97014102;101401614;97239921;161928639;;290200624;233002583;243447453;358855292;;206530423;184006394;183311053;276864305;;102325587;73358034;78363502;143722555;;
0401000;"Powiat aleksandrowski";7732307;7344500;6351001;18586601;;1429970;1013000;768001;3232948;;4386677;3805500;3802000;8676831;;1915660;2526000;1424000;6676822;;0;0;0;0;;
0402000;"Powiat brodnicki";55176684;40887419;31550294;34801271;;7309725;4519872;5694654;7683653;;35106458;30530100;19458514;19874155;;10577576;5837447;6397126;6164947;;2182925;0;0;1078516;;
0403000;"Powiat bydgoski";22328182;9296384;10691529;39570762;;2200058;1246900;841500;1828620;;7005923;1934154;4620029;10932449;;9124854;5115330;4765000;9752686;;3997347;0;0;17057007;;
0404000;"Powiat chełmiński";0;0;0;0;;0;0;0;0;;0;0;0;0;;0;0;0;0;;0;0;0;0;;
0405000;"Powiat golubsko-dobrzyński";1500819;0;0;601840;;0;0;0;0;;850106;0;0;0;;0;0;0;0;;0;0;0;0;;
0406000;"Powiat grudziądzki";0;0;0;0;;0;0;0;0;;0;0;0;0;;0;0;0;0;;0;0;0;0;;
0407000;"Powiat inowrocławski";38288258;22287391;36450556;66529378;;1952803;423000;4433398;5478949;;17296343;14161737;20664747;32842135;;13116209;5139557;8606563;14439497;;5922903;2563097;2745848;13768797;;
0408000;"Powiat lipnowski";0;3192434;0;0;;0;343166;0;0;;0;1570165;0;0;;0;1279103;0;0;;0;0;0;0;;
0409000;"Powiat mogileński";1195000;6212043;3644916;0;;0;0;312800;0;;0;699000;1418000;0;;1018200;5513043;1126166;0;;0;0;787950;0;;
0410000;"Powiat nakielski";4618604;9067917;10661286;7585007;;507800;378414;865070;805062;;2526169;6801569;6754861;3764326;;1584635;1226044;2696825;2311815;;0;0;0;0;;
0411000;"Powiat radziejowski";3014842;814000;0;1148000;;597270;0;0;0;;2137572;0;0;435000;;0;444000;0;713000;;0;0;0;0;;
0412000;"Powiat rypiński";1164480;0;3227818;4039792;;460080;0;1301119;1553276;;704400;0;1926699;2319016;;0;0;0;0;;0;0;0;0;;
0413000;"Powiat sępoleński";0;0;0;4703785;;0;0;0;0;;0;0;0;1998978;;0;0;0;2704807;;0;0;0;0;;
0414000;"Powiat świecki";7277397;11557711;25202110;23970569;;0;0;0;668378;;2870653;3841253;11212658;11699091;;3337252;5628817;8866924;11603100;;0;2087641;4979528;0;;
0415000;"Powiat toruński";16180020;12446099;5931942;20103278;;1562795;2061581;0;2664132;;9433759;5874842;2890603;10416656;;4873466;3376812;2511852;5424490;;0;1132864;0;1598000;;
0416000;"Powiat tucholski";0;0;0;4683930;;0;0;0;2532700;;0;0;0;1842365;;0;0;0;0;;0;0;0;0;;
0417000;"Powiat wąbrzeski";0;0;0;0;;0;0;0;0;;0;0;0;0;;0;0;0;0;;0;0;0;0;;
0418000;"Powiat włocławski";782400;666094;0;649000;;0;0;0;0;;436000;473494;0;0;;0;0;0;0;;0;0;0;0;;
0419000;"Powiat żniński";6861617;1874400;7989011;18802497;;2863632;760400;0;3495100;;3251025;949000;0;9625231;;746960;0;7563011;4732166;;0;0;0;0;;
0461000;"Powiat m. Bydgoszcz";341884993;299488727;304961676;496004678;;55172911;55204758;57703108;106800693;;131978897;103896272;111711348;165433376;;97229150;102072234;96563560;152924954;;57504035;38315463;38983660;70845655;;
0462000;"Powiat m. Grudziądz";30566689;30186071;40752677;67807290;;621805;3105144;6841279;5268847;;6562502;4720422;15373900;24727592;;14923932;13836102;14281069;30909866;;8458450;8524403;4256429;6900985;;
0463000;"Powiat m. Toruń";115615385;102506814;98244213;103313209;;17502149;29028231;14547603;15512888;;44083923;36042765;38685718;39003200;;32926408;20580325;23252056;18982230;;21102905;16855493;21758836;29814891;;
0464000;"Powiat m. Włocławek";41817059;33264378;15915360;27567904;;4059647;3217148;3241902;3713553;;21393417;16964010;4206836;14524891;;14343573;10866037;5091901;8479560;;2020422;2217183;3374721;0;;
0600000;"LUBELSKIE";951432952;869523301;1158856622;1193068629;;100815207;117898071;194747587;187380517;;410438613;386771157;534047465;522013254;;338533619;269356326;310052616;344519241;;101645513;95497747;120008954;139155617;;
0601000;"Powiat bialski";1878401;9902248;15425214;16733008;;0;1396526;0;1872626;;434026;4893526;8666794;8576707;;1444375;3338596;4637464;4554953;;0;0;2120956;1728722;;
0602000;"Powiat biłgorajski";2565009;12389789;35585461;11133146;;0;414674;2044372;578929;;1343063;6118449;16338948;3907399;;712804;5356666;14547101;6034262;;0;0;2655040;0;;
0603000;"Powiat chełmski";0;0;0;0;;0;0;0;0;;0;0;0;0;;0;0;0;0;;0;0;0;0;;
0604000;"Powiat hrubieszowski";0;0;641344;919671;;0;0;0;0;;0;0;0;0;;0;0;641344;919671;;0;0;0;0;;
0605000;"Powiat janowski";0;5374640;0;0;;0;0;0;0;;0;5151970;0;0;;0;0;0;0;;0;0;0;0;;
0606000;"Powiat krasnostawski";0;0;0;0;;0;0;0;0;;0;0;0;0;;0;0;0;0;;0;0;0;0;;
0607000;"Powiat kraśnicki";477528;0;0;0;;0;0;0;0;;0;0;0;0;;0;0;0;0;;0;0;0;0;;
0608000;"Powiat lubartowski";5584500;976000;10127160;8012600;;570000;0;1597000;907200;;2956600;0;5577600;4063200;;1767900;0;2952560;3042200;;0;0;0;0;;
0609000;"Powiat lubelski";17425646;19426716;16448860;31102426;;2085587;2716510;0;1300471;;7409854;6197437;4513736;8450828;;6304657;6295769;4388124;3642701;;1625548;4217000;7547000;17708426;;
0610000;"Powiat łęczyński";0;11977148;0;0;;0;1543433;0;0;;0;5482147;0;0;;0;4545568;0;0;;0;0;0;0;;
0611000;"Powiat łukowski";0;0;4526099;16589119;;0;0;0;1112900;;0;0;1667473;9977342;;0;0;2858626;5498877;;0;0;0;0;;
0612000;"Powiat opolski";0;0;0;0;;0;0;0;0;;0;0;0;0;;0;0;0;0;;0;0;0;0;;
0613000;"Powiat parczewski";0;0;0;0;;0;0;0;0;;0;0;0;0;;0;0;0;0;;0;0;0;0;;
0614000;"Powiat puławski";10613096;37609933;53660969;24707373;;1848935;11184822;3732085;3569854;;2222152;21768863;31524779;13326284;;3607671;2649800;13337172;6581039;;2934338;2006448;5066933;1230196;;
0615000;"Powiat radzyński";10672281;8827527;3015488;6098887;;530487;496999;484182;0;;7812413;3891176;1561551;5693887;;2329381;4439352;969755;0;;0;0;0;0;;
0616000;"Powiat rycki";1833688;0;0;2948966;;0;0;0;0;;1042746;0;0;2321065;;790942;0;0;0;;0;0;0;0;;
0617000;"Powiat świdnicki";0;6423287;7158660;14251909;;0;0;0;0;;0;2644483;2777326;5720095;;0;3626804;3902334;2758943;;0;0;0;5268871;;
0618000;"Powiat tomaszowski";427184;1131677;4217382;0;;0;0;498104;0;;427184;0;2631591;0;;0;620120;1087687;0;;0;0;0;0;;
0619000;"Powiat włodawski";6858871;0;1088645;1666100;;0;0;310320;0;;5954468;0;778325;1042980;;809095;0;0;0;;0;0;0;0;;
0620000;"Powiat zamojski";0;0;0;0;;0;0;0;0;;0;0;0;0;;0;0;0;0;;0;0;0;0;;
0661000;"Powiat m. Biała Podlaska";14354909;15472845;43047179;39640130;;1533816;1934759;4299446;6654501;;5887996;7602074;20284857;18935919;;2420827;3772112;13073760;10590395;;4512270;2163900;5389116;3459315;;
0662000;"Powiat m. Chełm";3542469;13466020;14120014;33985634;;0;0;4683351;7342906;;1731669;7669030;5792669;10464381;;1525000;5650990;3083994;11765972;;0;0;560000;4412375;;
0663000;"Powiat m. Lublin";847636048;710647495;927411731;953628941;;89764186;94005950;176061877;157895237;;365723327;308389676;422956358;415617511;;307754566;224034132;235444556;279824490;;84393969;84217737;92948940;100291703;;
0664000;"Powiat m. Zamość";26182682;14848506;21761291;30221605;;3807546;3421398;0;5129803;;6713167;5923459;8780483;13424712;;8308181;4653747;9128139;7628637;;7353788;0;3402669;4038453;;
0800000;"LUBUSKIE";469992075;384271944;456565941;342207217;;55448937;53037455;83118852;64654771;;191754117;132740750;196207623;151010191;;175812260;146107017;114889789;95704856;;46976761;52386722;62349677;30837399;;
0801000;"Powiat gorzowski";24878276;43829145;16399279;29956048;;1218116;7583966;3420823;1323054;;9048654;22836256;6303473;12005137;;13082502;10131392;6674983;8711152;;1529004;3277531;0;7916705;;
0802000;"Powiat krośnieński";15303705;4675403;13563614;948586;;1897418;0;3591324;0;;8056746;3442205;5562626;0;;3795381;1233198;3463914;0;;1554160;0;945750;0;;
0803000;"Powiat międzyrzecki";3907016;4548631;23133380;15779282;;742860;568000;660500;534478;;1500176;920260;7814723;6246805;;806980;1514370;7511950;7322999;;857000;1546001;7146207;1675000;;
0804000;"Powiat nowosolski";14923677;12837937;34081712;33760189;;1021795;1393179;5525598;6361508;;11721659;5650206;21338685;18898539;;2180223;4854552;5411429;8500142;;0;940000;1806000;0;;
0805000;"Powiat słubicki";15593223;853500;8562392;16252329;;1175360;853500;873656;572234;;13196992;0;5990295;6477665;;530871;0;729055;5194342;;0;0;969386;4008088;;
0806000;"Powiat strzelecko-drezdenecki";3199282;1561000;4604274;8588387;;464000;0;739718;1402166;;1726782;1242000;3055158;3748546;;803500;0;0;3141540;;0;0;0;0;;
0807000;"Powiat sulęciński";0;0;0;4070340;;0;0;0;424797;;0;0;0;718870;;0;0;0;2926673;;0;0;0;0;;
0808000;"Powiat świebodziński";9954737;32224763;19031860;35540873;;1446156;578190;594000;5520051;;5263503;14194469;16083068;19907599;;3245078;15316904;1634792;8197923;;0;2135200;0;1915300;;
0809000;"Powiat zielonogórski";5395535;9582000;4028921;12027286;;768304;0;0;3802874;;3151076;7092700;1397921;6259724;;1189504;1070100;0;0;;0;1339200;2211000;1567000;;
0810000;"Powiat żagański";406603;455000;1707561;2693783;;246603;0;0;387500;;0;0;393074;702750;;0;0;1043712;1338057;;0;0;0;0;;
0811000;"Powiat żarski";20146575;11092855;16791794;10567861;;1572558;1123179;0;413440;;6652180;2271341;2752695;1561286;;8445086;7426135;11680106;7954735;;3476751;0;2190900;0;;
0812000;"Powiat wschowski";0;0;1349269;1500123;;0;0;0;0;;0;0;1049142;0;;0;0;0;0;;0;0;0;1500123;;
0861000;"Powiat m. Gorzów Wielkopolski";160247338;86882133;107419205;115090984;;29081711;20506007;29447703;33256761;;59783146;28189031;47807234;50412159;;61997408;30274901;24265525;27035901;;9385073;7912194;5898743;4386163;;
0862000;"Powiat m. Zielona Góra";195703108;175551577;205892680;55431146;;15724056;20032434;37812746;10493101;;71493203;46637282;76659529;23773781;;79735727;73917465;51439887;14495255;;28750122;34964396;39980518;6669009;;
1000000;"ŁÓDZKIE";927982413;1053695727;1347371326;1807758052;;97307108;135734486;238263913;300232513;;312641290;405165331;540985151;704225879;;354079937;359613940;395088832;558328387;;163954078;153181970;173033430;244971273;;
1001000;"Powiat bełchatowski";1526800;538500;1481503;7282300;;562100;0;0;1333300;;747700;0;669000;2608000;;0;0;662503;2222000;;0;0;0;1119000;;
1002000;"Powiat kutnowski";23071332;12785384;14817521;53420997;;1448959;1044944;879105;6083884;;9762429;4689293;3919099;26885712;;9211704;7051147;9379317;19971638;;2648240;0;0;0;;
1003000;"Powiat łaski";0;8071208;814013;588500;;0;0;0;0;;0;5707493;590190;0;;0;2244558;0;0;;0;0;0;0;;
1004000;"Powiat łęczycki";0;0;0;0;;0;0;0;0;;0;0;0;0;;0;0;0;0;;0;0;0;0;;
1005000;"Powiat łowicki";7513020;5349079;0;1252421;;875716;0;0;0;;5738628;2815889;0;0;;898676;2323246;0;0;;0;0;0;0;;
1006000;"Powiat łódzki wschodni";0;2571500;7872000;10133673;;0;0;0;0;;0;0;0;0;;0;2571500;0;0;;0;0;7872000;8945441;;
1007000;"Powiat opoczyński";471604;267039;0;9709048;;0;267039;0;1062174;;380279;0;0;6397962;;0;0;0;2248912;;0;0;0;0;;
1008000;"Powiat pabianicki";11358406;19874169;39639660;44657239;;1057828;812247;626000;3041448;;3928745;5970760;9421085;7646644;;5745113;9266184;20500795;20154302;;0;3824978;9091780;13814845;;
1009000;"Powiat pajęczański";0;0;0;0;;0;0;0;0;;0;0;0;0;;0;0;0;0;;0;0;0;0;;
1010000;"Powiat piotrkowski";0;0;2114800;0;;0;0;0;0;;0;0;0;0;;0;0;0;0;;0;0;2114800;0;;
1011000;"Powiat poddębicki";1331928;1028000;599670;1739450;;0;0;0;0;;929582;0;0;549240;;0;0;0;1085750;;0;0;0;0;;
1012000;"Powiat radomszczański";10972742;2084041;1904626;12758214;;564870;388000;0;4017675;;6866888;1483141;1188439;4971978;;3228984;0;0;3768561;;0;0;0;0;;
1013000;"Powiat rawski";0;0;0;0;;0;0;0;0;;0;0;0;0;;0;0;0;0;;0;0;0;0;;
1014000;"Powiat sieradzki";5152378;14386503;4488557;34529691;;0;889476;1663843;987442;;1583792;7319733;680629;10990585;;3140070;3652286;824085;14961265;;0;2525008;1320000;7590399;;
1015000;"Powiat skierniewicki";0;0;0;0;;0;0;0;0;;0;0;0;0;;0;0;0;0;;0;0;0;0;;
1016000;"Powiat tomaszowski";2524577;10769519;16916274;46999460;;1015816;940027;1788332;2117553;;1508761;2447642;11504551;17840046;;0;4996172;3017105;22299226;;0;2385678;0;4742635;;
1017000;"Powiat wieluński";16679352;9770430;18886004;1253040;;1762359;0;2882820;0;;10286587;2198582;3908196;0;;4630406;4686044;10791042;0;;0;2532434;1303946;0;;
1018000;"Powiat wieruszowski";9719201;7119229;8242734;4468145;;2343615;0;2300089;835500;;3701346;2600279;5155995;1648485;;2859663;4425950;786650;1984160;;814577;0;0;0;;
1019000;"Powiat zduńskowolski";665000;4289850;522000;1093556;;505000;0;0;0;;0;1892016;0;0;;0;2397834;0;0;;0;0;0;0;;
1020000;"Powiat zgierski";14468445;8301869;35576113;27425916;;941900;527000;2150001;1796804;;7073144;3125917;14018850;7435944;;3693252;2413559;14288892;8750351;;2760149;2235393;5118370;9442817;;
1021000;"Powiat brzeziński";3378391;6608601;8420420;4155893;;743789;0;0;348121;;1784601;4027599;4783855;1501631;;850001;2581002;3472578;2306141;;0;0;0;0;;
1061000;"Powiat m. Łódź";792494072;858951337;1150234719;1444510088;;81652872;123435883;223210169;261310057;;246445537;325800152;475507878;574730207;;308417321;281882001;311246575;413863945;;155978342;127833301;140270097;194605879;;
1062000;"Powiat m. Piotrków Trybunalski";3445983;36921564;17668719;62576891;;1026003;528000;790466;13825599;;668366;11585239;4806310;28886301;;1751614;14073202;9012968;17532069;;0;10735123;3058975;2332922;;
1063000;"Powiat m. Skierniewice";23209182;44007905;16461501;38714530;;2434440;5963399;1089231;2501496;;11074905;22870596;3875582;10828276;;9185787;14063855;9859512;24757320;;0;0;1637176;0;;
1200000;"MAŁOPOLSKIE";3096174689;3419281167;3660950072;5144928859;;599854788;615458115;683798490;807554415;;1439733351;1526994343;1485923692;2033166946;;727860358;837169599;911635425;1354838424;;328726192;439659110;579592465;949369074;;
1201000;"Powiat bocheński";6206853;5798450;28579447;25588063;;472349;600941;13230814;9514680;;2734539;1594808;9674433;7988311;;2127965;3602701;4022288;5210948;;0;0;1651912;2874124;;
1202000;"Powiat brzeski";3213692;0;1532621;2955231;;790450;0;532621;0;;2423242;0;832630;1476000;;0;0;0;1097231;;0;0;0;0;;
1203000;"Powiat chrzanowski";399600;0;2928399;28202935;;295600;0;690744;1260199;;0;0;655739;11084216;;0;0;907622;14340194;;0;0;0;1518326;;
1204000;"Powiat dąbrowski";0;0;0;0;;0;0;0;0;;0;0;0;0;;0;0;0;0;;0;0;0;0;;
1205000;"Powiat gorlicki";0;0;0;0;;0;0;0;0;;0;0;0;0;;0;0;0;0;;0;0;0;0;;
1206000;"Powiat krakowski";75483599;156760937;253755679;261288549;;7430082;12148345;12964566;4545054;;16008528;40556412;47862648;38205886;;28424874;46451675;100000215;99474938;;23620115;57604505;92928250;119062671;;
1207000;"Powiat limanowski";0;3026100;5266000;9901249;;0;0;1270000;1009735;;0;1111100;1778500;2046514;;0;1915000;2217500;5805000;;0;0;0;0;;
1208000;"Powiat miechowski";1477934;0;1243283;3956292;;530229;0;0;0;;947705;0;842443;2368932;;0;0;0;0;;0;0;0;1587360;;
1209000;"Powiat myślenicki";17838578;6106316;23914468;10773102;;2830477;0;4545696;0;;11050809;2407656;14344591;4193000;;2882092;3333125;1724637;2387494;;0;0;3299544;4192608;;
1210000;"Powiat nowosądecki";32345128;7007269;1408534;4398270;;8121707;925715;0;0;;13187500;1811342;0;0;;3777117;2461823;0;0;;7258804;0;0;3287320;;
1211000;"Powiat nowotarski";33061256;30566636;35997378;31448601;;1546613;2055281;9253951;7250298;;19691492;16451166;5519162;4187975;;8179864;6094366;12254545;8373690;;3643287;5965823;8969720;11636638;;
1212000;"Powiat olkuski";466200;1218500;0;18867610;;0;0;0;3000933;;466200;988500;0;5631035;;0;0;0;7631070;;0;0;0;2604572;;
1213000;"Powiat oświęcimski";30193788;17348307;35876795;12788386;;2768226;3878213;4678556;2287945;;15224605;10482370;10979718;5750563;;11845254;2587724;14813246;4484878;;0;0;5405275;0;;
1214000;"Powiat proszowicki";0;0;0;866000;;0;0;0;0;;0;0;0;0;;0;0;0;0;;0;0;0;0;;
1215000;"Powiat suski";0;0;0;0;;0;0;0;0;;0;0;0;0;;0;0;0;0;;0;0;0;0;;
1216000;"Powiat tarnowski";0;0;3294200;5842000;;0;0;0;0;;0;0;0;0;;0;0;3294200;1212000;;0;0;0;4630000;;
1217000;"Powiat tatrzański";31355092;28281800;23705339;94151248;;6848000;2221989;6501491;2552071;;10853317;5981093;6578982;38019961;;7178815;5083189;2384864;15168463;;6474960;14995529;8240002;38410753;;
1218000;"Powiat wadowicki";4968033;11512090;29786581;14601540;;0;0;8090161;0;;604038;5434100;13245682;5019941;;1830639;2652750;7752838;5021268;;2533356;3365240;0;4560331;;
1219000;"Powiat wielicki";113179182;136193275;163628368;274725445;;3985998;11280146;20952572;20932551;;33824509;72564462;86598616;129202752;;65582722;42854211;41335750;81159800;;9785953;9494456;14741430;43430342;;
1261000;"Powiat m. Kraków";2698912605;2979734467;2999680160;4265874008;;558031067;578741366;593944591;744911195;;1289073174;1352614812;1266254519;1739106451;;579516550;706262376;705128170;1081309835;;272291814;342115913;434352880;700546527;;
1262000;"Powiat m. Nowy Sącz";20607700;0;0;20890243;;2173462;0;0;5270489;;13279449;0;0;13434538;;4724789;0;0;2185216;;0;0;0;0;;
1263000;"Powiat m. Tarnów";25750449;34216082;50197820;57524087;;3925528;2694970;6106977;4440265;;9960244;14544022;20206239;24849921;;11479677;13067835;15253346;18511399;;0;3909255;8631258;9722502;;
1400000;"MAZOWIECKIE";5353654728;6237016466;8555905930;9410886892;;584499616;610953368;968005505;1047096461;;1697354542;1964997068;2660362481;2660135745;;1485305945;1825776747;2420389302;2339140367;;1586494625;1835289283;2507148642;3364514319;;
1401000;"Powiat białobrzeski";0;868000;1072024;1770000;;0;0;0;0;;0;868000;868489;1220000;;0;0;0;0;;0;0;0;0;;
1402000;"Powiat ciechanowski";23574851;50013830;81237779;36356220;;3061720;3144685;9778165;6652758;;13971044;19112098;35033987;19716042;;6542087;23671017;28998180;7497420;;0;4086030;7427447;2490000;;
1403000;"Powiat garwoliński";0;13465144;41151753;33032626;;0;2793435;8982566;4724334;;0;3496772;21544112;13046063;;0;5126933;7487955;8943929;;0;2048004;3137120;6318300;;
1404000;"Powiat gostyniński";2823608;6017796;2897032;0;;828732;1928985;0;0;;1049424;1638486;2482024;0;;673296;2105458;0;0;;0;0;0;0;;
1405000;"Powiat grodziski";26100988;47715045;161672923;230417105;;3820918;2614540;3953986;11023440;;6014459;13297836;27483173;62087531;;4618502;9294107;32861698;54726472;;11647109;22508562;97374066;102579662;;
1406000;"Powiat grójecki";32533465;6289030;37994825;25725933;;6732279;0;7113939;7941140;;14707159;4665232;19036425;13806424;;10624026;1163798;8465161;3159669;;0;0;3379300;0;;
1407000;"Powiat kozienicki";5328024;3334723;5961895;0;;0;0;0;0;;3811277;2311847;3426304;0;;1244331;0;2399591;0;;0;0;0;0;;
1408000;"Powiat legionowski";109328320;136476819;99663888;237748523;;8198488;21020442;13829536;50781030;;36214480;42764202;25232203;53277761;;46180802;38397216;28581582;63203464;;18734550;34294959;32020567;70486268;;
1409000;"Powiat lipski";0;0;0;0;;0;0;0;0;;0;0;0;0;;0;0;0;0;;0;0;0;0;;
1410000;"Powiat łosicki";0;0;0;0;;0;0;0;0;;0;0;0;0;;0;0;0;0;;0;0;0;0;;
1411000;"Powiat makowski";0;4353206;4423425;2633430;;0;1511008;887000;0;;0;1183984;2086925;0;;0;1658214;784000;1747064;;0;0;0;0;;
1412000;"Powiat miński";149696268;70407213;73407662;164672768;;15385954;5827373;5252020;13971739;;63497857;40414427;26010959;71237452;;53706358;8802431;20667373;46614432;;17106099;15362982;21477310;32849145;;
1413000;"Powiat mławski";18923744;43320952;42850611;101830200;;1863775;1264235;3318423;10655915;;8889776;19755167;26838365;67150998;;7286545;20529650;8880473;16851520;;883648;1771900;3813350;7171767;;
1414000;"Powiat nowodworski";31926674;59711973;124745224;96249274;;5777091;11501647;39884757;14515811;;15490233;28661462;54940990;33763070;;9479350;14144776;22560055;26342662;;1180000;5404088;7359422;21627731;;
1415000;"Powiat ostrołęcki";0;0;0;1466000;;0;0;0;0;;0;0;0;0;;0;0;0;0;;0;0;0;1466000;;
1416000;"Powiat ostrowski";0;5998420;4172244;8164618;;0;624560;0;1513952;;0;3085574;958120;4541852;;0;1935126;2236250;2108814;;0;0;0;0;;
1417000;"Powiat otwocki";23757320;38039240;45775702;101395310;;1940192;1194046;1050040;2721446;;8243775;8781515;7157990;11326490;;5248655;5462233;7815700;12227436;;8324698;22601446;29751972;75119938;;
1418000;"Powiat piaseczyński";20988594;293226158;596902258;609796461;;1530595;18237435;31166042;27264559;;4566256;61824069;177907331;135654722;;4803083;126115276;150742379;191607308;;10088660;87049378;237086506;255269872;;
1419000;"Powiat płocki";3362814;1792238;2300786;5379438;;0;0;0;0;;1172870;0;0;703720;;906240;0;813324;1686810;;1283704;1263000;1487462;2988908;;
1420000;"Powiat płoński";2292584;477948;10133181;12772169;;663306;0;829863;1164818;;1421346;0;2576099;7656267;;0;0;5241234;2744928;;0;0;1485985;1206156;;
1421000;"Powiat pruszkowski";170482461;136505729;252701530;397473212;;24562746;5230151;20264553;36918786;;58843005;42357080;88598883;126321827;;32110808;20327933;60341469;73040324;;54965902;68590565;83496625;161192275;;
1422000;"Powiat przasnyski";2476677;16888588;15535303;10781178;;0;0;1816167;777790;;1600725;7207883;9049327;4308674;;742427;9287687;3607389;3142674;;0;0;1062420;2552040;;
1423000;"Powiat przysuski";0;0;0;0;;0;0;0;0;;0;0;0;0;;0;0;0;0;;0;0;0;0;;
1424000;"Powiat pułtuski";9301832;10386170;5742473;659600;;747380;1210200;0;0;;5566652;7239470;3555807;0;;2987800;1936500;1880166;0;;0;0;0;0;;
1425000;"Powiat radomski";442628;0;0;809850;;0;0;0;0;;0;0;0;0;;0;0;0;0;;0;0;0;0;;
1426000;"Powiat siedlecki";0;0;0;0;;0;0;0;0;;0;0;0;0;;0;0;0;0;;0;0;0;0;;
1427000;"Powiat sierpecki";25719960;1407803;7509742;0;;3013213;330798;0;0;;13805344;462378;5309405;0;;8901403;614627;2200337;0;;0;0;0;0;;
1428000;"Powiat sochaczewski";1315093;1925496;0;26358492;;626732;0;0;1665660;;0;613588;0;20162876;;0;809000;0;3879956;;0;0;0;0;;
1429000;"Powiat sokołowski";5137297;17586380;7752702;15343325;;633334;988429;577254;1446056;;3640955;9766884;4168512;8189053;;863008;5419957;3006936;5708216;;0;1411110;0;0;;
1430000;"Powiat szydłowiecki";0;0;0;0;;0;0;0;0;;0;0;0;0;;0;0;0;0;;0;0;0;0;;
1432000;"Powiat warszawski zachodni";217673055;239110043;199316227;322788936;;7689583;2794997;3677436;26996205;;63554442;32614239;37344420;87612941;;38489557;33349101;14264617;36406056;;107939473;170351706;144029754;171773734;;
1433000;"Powiat węgrowski";0;720165;2152107;0;;0;0;1495117;0;;0;0;0;0;;0;0;0;0;;0;0;0;0;;
1434000;"Powiat wołomiński";229234620;330227415;421762222;441404912;;4482357;7849329;8407694;15098522;;34031019;54898265;73345581;81787588;;90729904;102841339;105544576;89257259;;99991340;164638482;234464371;255261543;;
1435000;"Powiat wyszkowski";9406994;16122038;0;30867562;;531545;2696675;0;3549112;;3584944;9585163;0;11514081;;3799605;3840200;0;12465047;;1490900;0;0;3339322;;
1436000;"Powiat zwoleński";0;0;0;2640000;;0;0;0;0;;0;0;0;0;;0;0;0;2640000;;0;0;0;0;;
1437000;"Powiat żuromiński";1152426;909903;15033370;859359;;0;0;1609855;279362;;0;0;8178084;0;;0;0;2412425;0;;0;0;2833006;0;;
1438000;"Powiat żyrardowski";24086810;46052196;50445455;46564931;;1732333;5390991;5270075;7329030;;12666530;21178521;15127481;19667901;;7097301;16948114;18177244;13897100;;2590646;2534570;11870655;5670900;;
1461000;"Powiat m. Ostrołęka";5348411;41020091;45167645;18995676;;0;5231079;2639576;1884625;;3378136;20465926;20565105;9398166;;1628700;15323086;19807972;6712885;;0;0;2154992;0;;
1462000;"Powiat m. Płock";80894322;87908154;82296389;105703241;;13776607;16560869;8453606;19293967;;41447492;32947162;36814646;53572689;;23299195;33588324;30428777;24575545;;2371028;4811799;6599360;8261040;;
1463000;"Powiat m. Radom";81894534;79291321;93636826;95400658;;8559851;5538266;7119973;7814994;;40539335;29942782;43079835;34500734;;24161632;32035966;28892950;37270803;;8633716;11774307;14544068;15814127;;
1464000;"Powiat m. Siedlce";130295164;109573315;75202265;142121441;;13295633;15981574;10622661;19487231;;65143786;66856832;34440089;64154809;;44984649;20893406;25643507;51643049;;6871096;5841503;4496008;6836352;;
1465000;"Powiat m. st. Warszawa";3907705024;4319565959;5944564326;6081346444;;453976148;468601650;769101292;750856813;;1169533490;1376554656;1846094814;1642408867;;1052934287;1267943028;1774956844;1538342225;;1231261099;1206466625;1554411376;2149738539;;
1600000;"OPOLSKIE";191027588;207899436;373514860;291726880;;18939868;10230734;38342340;35855181;;73856323;87411257;157657986;83524278;;80472607;80836099;128026514;115432532;;17758790;29421346;49488020;56914889;;
1601000;"Powiat brzeski";15787569;18313193;20904796;24852146;;1961634;680448;3871597;4863780;;7628840;7307039;9227408;11303935;;5847095;9529837;6420586;8264431;;0;0;1385205;0;;
1602000;"Powiat głubczycki";0;0;14005235;0;;0;0;556890;0;;0;0;10181232;0;;0;0;2627113;0;;0;0;0;0;;
1603000;"Powiat kędzierzyńsko-kozielski";1375400;752000;806500;1426000;;0;0;301500;497500;;1288300;0;0;928500;;0;0;0;0;;0;0;0;0;;
1604000;"Powiat kluczborski";7192759;9612494;9431375;16829725;;515756;0;0;0;;2711609;2183584;4138443;4349994;;2681452;3878300;3457472;10986771;;1283942;3400110;1835460;1492960;;
1605000;"Powiat krapkowicki";3912451;1006000;0;3120000;;0;0;0;0;;3613451;0;0;0;;0;727000;0;2303420;;0;0;0;0;;
1606000;"Powiat namysłowski";18928285;11469549;19313335;9820627;;1256000;0;606890;1076800;;11141509;8159544;12778332;4940903;;5595776;3310005;4283113;2095400;;935000;0;1645000;1707524;;
1607000;"Powiat nyski";1239080;1418000;13569451;15668812;;0;720000;2489805;5646972;;854080;0;6153246;3693640;;0;0;4527400;5763200;;0;0;0;0;;
1608000;"Powiat oleski";0;0;0;0;;0;0;0;0;;0;0;0;0;;0;0;0;0;;0;0;0;0;;
1609000;"Powiat opolski";1401517;4805119;2532326;6627000;;0;0;0;0;;685700;1136650;1733826;770500;;0;1611294;0;2885000;;0;1853066;0;2751000;;
1610000;"Powiat prudnicki";0;0;0;0;;0;0;0;0;;0;0;0;0;;0;0;0;0;;0;0;0;0;;
1611000;"Powiat strzelecki";0;832677;0;1483674;;0;0;0;351000;;0;0;0;962674;;0;0;0;0;;0;0;0;0;;
1661000;"Powiat m. Opole";141060777;159690404;292303333;211898896;;14985948;8285677;30320658;23162049;;45803084;67843763;112806990;56574132;;65789284;60467663;106390830;82964310;;14482461;23093301;42784855;49198405;;
1800000;"PODKARPACKIE";504273406;878032764;804033157;1192148432;;70564425;139025715;133088334;185152313;;232239138;420758116;374766219;480909681;;164873957;256001809;226599738;349731384;;36595886;62247124;69578866;176355054;;
1801000;"Powiat bieszczadzki";0;0;0;9925183;;0;0;0;1922861;;0;0;0;2092879;;0;0;0;4565047;;0;0;0;1344396;;
1802000;"Powiat brzozowski";0;3573645;1920750;3797025;;0;0;0;0;;0;2604695;1491550;1358645;;0;968950;0;1859700;;0;0;0;0;;
1803000;"Powiat dębicki";6643324;6188846;3082955;48005114;;559033;527881;504109;11072097;;3979106;3935813;1832185;22303465;;1762029;1435152;746661;12324815;;0;0;0;2304737;;
1804000;"Powiat jarosławski";15606354;16065611;9277752;24729893;;1241279;336541;0;3870274;;5850596;11780720;6152124;14150279;;5779057;3178525;3021588;5606535;;2735422;769825;0;1102805;;
1805000;"Powiat jasielski";779676;0;0;1473576;;0;0;0;0;;0;0;0;895000;;0;0;0;0;;0;0;0;0;;
1806000;"Powiat kolbuszowski";10419851;3626150;2087000;3374708;;965724;0;0;0;;5443171;476900;1447000;0;;3317183;1017250;0;3189708;;0;2132000;0;0;;
1807000;"Powiat krośnieński";1109205;584000;0;475300;;524045;0;0;475300;;585160;0;0;0;;0;0;0;0;;0;0;0;0;;
1808000;"Powiat leżajski";0;0;0;1683273;;0;0;0;474673;;0;0;0;835720;;0;0;0;0;;0;0;0;0;;
1809000;"Powiat lubaczowski";0;0;0;0;;0;0;0;0;;0;0;0;0;;0;0;0;0;;0;0;0;0;;
1810000;"Powiat łańcucki";3832659;10366020;5789880;28259736;;634000;878641;625110;7443807;;1761659;7010913;2950477;17091747;;1084000;2085228;1491609;3172182;;0;0;0;0;;
1811000;"Powiat mielecki";9708400;9506013;20699496;24557754;;0;0;0;0;;0;1752781;10253883;7057889;;9708400;6880024;7795613;12264986;;0;0;2650000;4912879;;
1812000;"Powiat niżański";0;0;0;0;;0;0;0;0;;0;0;0;0;;0;0;0;0;;0;0;0;0;;
1813000;"Powiat przemyski";0;0;0;0;;0;0;0;0;;0;0;0;0;;0;0;0;0;;0;0;0;0;;
1814000;"Powiat przeworski";0;0;0;0;;0;0;0;0;;0;0;0;0;;0;0;0;0;;0;0;0;0;;
1815000;"Powiat ropczycko-sędziszowski";7749996;5394726;7288400;8075256;;640178;0;0;725024;;4816586;3830784;4432650;5591698;;2293232;1157452;1948750;1758534;;0;0;0;0;;
1816000;"Powiat rzeszowski";43069232;58067640;60462424;40972146;;4982667;14328150;12940139;0;;19674136;23582776;30152489;22911935;;16403615;18103988;10323841;8843268;;2008814;2052726;7045955;9216943;;
1817000;"Powiat sanocki";533431;17458421;0;0;;0;957647;0;0;;0;9347359;0;0;;0;6266224;0;0;;0;887191;0;0;;
1818000;"Powiat stalowowolski";2805567;0;0;0;;381176;0;0;0;;0;0;0;0;;2424391;0;0;0;;0;0;0;0;;
1819000;"Powiat strzyżowski";5236067;0;0;5013921;;0;0;0;584182;;3672735;0;0;2983325;;1414648;0;0;1446414;;0;0;0;0;;
1820000;"Powiat tarnobrzeski";3212140;4218573;4998501;2824130;;0;0;0;0;;1191469;1659328;983641;718865;;1660671;1704245;2456650;0;;0;855000;1558210;1368900;;
1821000;"Powiat leski";0;5440100;853241;0;;0;688693;0;0;;0;1771848;0;0;;0;2104371;687241;0;;0;875188;0;0;;
1861000;"Powiat m. Krosno";1646932;18526206;11721890;8914246;;0;2460625;444000;2841103;;1326932;8219871;5987110;4518565;;0;7845710;4825106;1554578;;0;0;0;0;;
1862000;"Powiat m. Przemyśl";14614134;22354605;40885126;26555647;;1666333;2398241;3494772;1213081;;6824499;7969600;22450863;14701385;;5369028;9696086;11902125;7487593;;0;2290678;3037366;3153588;;
1863000;"Powiat m. Rzeszów";365610669;691169953;634063454;942045786;;58523875;115347377;114728164;153384731;;173184073;334867849;285563959;359454141;;105283274;190684524;180971354;279058904;;28619447;50270203;52799977;150148010;;
1864000;"Powiat m. Tarnobrzeg";11272890;5218125;0;10366294;;0;554846;0;0;;3197854;1338749;0;4059143;;7583036;2624080;0;4965331;;0;0;0;1153620;;
2000000;"PODLASKIE";589404257;756241675;851024416;1235933155;;67580031;110321067;117226558;155967955;;296968715;360823032;390082997;571983916;;183434994;221242402;291774941;428125086;;41420517;63855174;51939920;79856198;;
2001000;"Powiat augustowski";3706950;31567442;0;21417594;;0;2949519;0;969695;;0;16460587;0;8409321;;2739150;9731164;0;8242809;;0;2426172;0;3795769;;
2002000;"Powiat białostocki";45074317;34352100;58391532;95427341;;2866011;2544102;2425112;4432360;;22228799;18557465;21645937;36222609;;17171692;10768853;29150988;45358369;;2807815;2481680;5169495;9414003;;
2003000;"Powiat bielski";10815487;6131159;5244184;2183964;;0;0;577683;0;;7354343;4816209;2970244;0;;3461144;1105797;1696257;1881539;;0;0;0;0;;
2004000;"Powiat grajewski";16091957;11186467;15539633;7358949;;1267901;0;0;0;;6272286;7394309;5814547;0;;6711609;3792158;7526049;7035809;;1840161;0;2015629;0;;
2005000;"Powiat hajnowski";0;5706018;12369272;0;;0;2417280;2052071;0;;0;2228864;8110079;0;;0;0;2207122;0;;0;0;0;0;;
2006000;"Powiat kolneński";3373399;11227798;828198;4341096;;0;422083;0;0;;2193996;5785980;0;2954096;;0;5019735;0;0;;0;0;0;0;;
2007000;"Powiat łomżyński";0;0;2862271;931278;;0;0;0;0;;0;0;0;0;;0;0;1748829;0;;0;0;1113442;931278;;
2008000;"Powiat moniecki";0;6680165;21800610;2227565;;0;1615255;1409496;582603;;0;0;14764815;1357652;;0;5064910;5286299;0;;0;0;0;0;;
2009000;"Powiat sejneński";0;0;0;0;;0;0;0;0;;0;0;0;0;;0;0;0;0;;0;0;0;0;;
2010000;"Powiat siemiatycki";4647080;0;0;13394043;;338000;0;0;2335122;;1068000;0;0;7014902;;3241080;0;0;4044019;;0;0;0;0;;
2011000;"Powiat sokólski";660597;0;0;0;;0;0;0;0;;660597;0;0;0;;0;0;0;0;;0;0;0;0;;
2012000;"Powiat suwalski";503153;0;0;0;;0;0;0;0;;503153;0;0;0;;0;0;0;0;;0;0;0;0;;
2013000;"Powiat wysokomazowiecki";12827491;1692849;0;0;;0;0;0;0;;5450174;878265;0;0;;7377317;0;0;0;;0;0;0;0;;
2014000;"Powiat zambrowski";4943800;6749000;4553400;46293069;;375900;0;579000;4040463;;2564400;3062300;2544600;26645994;;1689800;1798800;1429800;10551604;;0;1617000;0;5055008;;
2061000;"Powiat m. Białystok";368955829;537062956;560472586;881189207;;51588209;88794593;92964636;129738421;;200007159;259398628;270130372;416725368;;88427703;139376652;165672489;283486005;;28932758;49493083;31705089;51239413;;
2062000;"Powiat m. Łomża";51362267;26814511;63776176;67579706;;2865435;1828411;3270293;5177496;;21797126;11777651;18131377;24345660;;22903160;11184256;35177584;31117071;;3796546;2024193;7196922;6939479;;
2063000;"Powiat m. Suwałki";66441930;77071210;104149554;93219343;;7754075;9269771;13349859;8153290;;26868682;30462774;45349026;48013314;;29310203;32063619;41371326;35396887;;2508970;5275046;4079343;1655852;;
2200000;"POMORSKIE";3941619064;3995200142;4297827555;5542796831;;503601331;533269030;538835125;623503338;;1664491308;1597519241;1749366515;2172086886;;1159996507;1180160922;1218153700;1512965992;;613529918;684250949;791472215;1234240615;;
2201000;"Powiat bytowski";11699303;0;1733080;945022;;469624;0;355000;0;;7854434;0;0;0;;3041607;0;903684;0;;0;0;0;0;;
2202000;"Powiat chojnicki";33068177;39179119;44887754;45545950;;4022261;0;1268856;1951941;;12537188;20436568;25718252;27251797;;13034883;13868886;14328866;10149984;;3473845;4664665;3571780;6192228;;
2203000;"Powiat człuchowski";0;0;1080071;11185901;;0;0;0;0;;0;0;518000;10165038;;0;0;0;878500;;0;0;0;0;;
2204000;"Powiat gdański";194403206;157275061;105022916;298633881;;40977034;14993257;7623423;26186981;;91744754;64230629;30285325;92030952;;40346263;49237892;27164688;98880091;;21335155;28813283;39949480;81535857;;
2205000;"Powiat kartuski";128954446;124704422;85220835;100171345;;3038032;0;5364527;6150858;;15793859;20435031;19247366;12557462;;94164403;83095129;37183285;36244597;;15958152;21044262;23425657;45218428;;
2206000;"Powiat kościerski";14432725;3840623;31809123;13486983;;1372780;0;1775222;805315;;7008217;1864623;21970195;11514911;;6051728;1976000;5591706;1166757;;0;0;2472000;0;;
2207000;"Powiat kwidzyński";4820885;5468605;20382271;9927869;;839946;731101;1753633;636655;;0;1178026;10769085;5656125;;3264752;954247;3924155;2246069;;0;2605231;3935398;1389020;;
2208000;"Powiat lęborski";23347886;18978721;26972702;19387883;;4378949;5091493;7593569;5095804;;6103296;9670284;13309593;6374884;;6087711;1327500;3582000;2508195;;6777930;2889444;2487540;5409000;;
2209000;"Powiat malborski";26278168;26814648;33188074;24755127;;3544654;4038067;5351992;1464011;;13155886;12532518;17544634;16354748;;8390128;9790063;9274228;1684832;;1187500;0;1017220;5251536;;
2210000;"Powiat nowodworski";8642350;11990383;39861108;23587068;;580000;4136460;7999441;3682871;;5627580;5277677;19364050;9322828;;1997679;2087220;12497617;7124369;;0;0;0;3457000;;
2211000;"Powiat pucki";153668587;189208427;256751582;289912723;;26861686;26098318;33242405;32136412;;46516205;53005945;80548556;90207677;;41504609;53177850;61747242;98890941;;38786087;56926314;81213379;68677693;;
2212000;"Powiat słupski";21699895;8976056;43355519;54850564;;8482888;824000;7385798;1650926;;8286126;4972960;28846233;27303650;;3774881;2819996;5358388;21479388;;1156000;0;1765100;4416600;;
2213000;"Powiat starogardzki";36484462;35816384;54078888;61576474;;3285839;2647798;3008717;3377539;;22858025;17669845;26507382;42221354;;7810883;12855767;23418789;12044936;;2529715;2642974;1144000;3932645;;
2214000;"Powiat tczewski";59994862;40575044;66606702;86173662;;7472075;3505804;9480375;15244913;;33896651;19079430;36043699;38258677;;14230775;13088618;18015576;26947932;;4395361;4901192;3067052;5722140;;
2215000;"Powiat wejherowski";206439367;299763645;384013004;613640540;;31370315;31040043;34562673;60337418;;87896962;106467949;171957901;253646833;;48426835;74477012;94684997;117563570;;38745255;87778641;82807433;182092719;;
2216000;"Powiat sztumski";0;0;0;0;;0;0;0;0;;0;0;0;0;;0;0;0;0;;0;0;0;0;;
2261000;"Powiat m. Gdańsk";2261988077;2421515344;2163496800;2673612279;;335032838;403682236;352850587;343212230;;1051465515;1052359253;886973924;1109359455;;634855974;686306790;616343507;787149324;;240633750;279167065;307328782;433891270;;
2262000;"Powiat m. Gdynia";576628515;509939225;733909789;993773754;;21517386;28539035;35572865;105025354;;196208201;172555651;265420545;321358463;;182092976;158073645;231000755;228522992;;176809952;150770894;201915624;338866945;;
2263000;"Powiat m. Słupsk";90251641;86794546;122846457;122361976;;6653385;7102418;17011175;13623024;;32174633;32099561;57582581;55567489;;23760563;14118501;28248280;28086889;;27663060;33474066;20004421;25084574;;
2264000;"Powiat m. Sopot";88406512;13990889;82610880;98762830;;3591639;0;6634867;2566723;;24777589;3314291;36284798;42534543;;27159857;0;24323866;30558604;;32877427;7270792;15367349;23102960;;
2400000;"ŚLĄSKIE";598123399;802870823;1019669589;1407373556;;54790670;81958473;129197234;189567778;;240400268;287319953;438659392;556355032;;192365692;275963909;300781980;427939347;;110566769;157628488;151030983;233511399;;
2401000;"Powiat będziński";16378876;29933301;17477821;21699926;;1541450;3448403;795500;843261;;4678795;23774597;10196807;14458598;;4190083;1486301;4880514;3909238;;5968548;1224000;1605000;2488829;;
2402000;"Powiat bielski";13697805;5133613;24016301;101407709;;2495539;745758;4759490;18590447;;8341242;2784524;8977748;45541165;;2171341;1603331;3980480;20016525;;0;0;6298583;17259572;;
2403000;"Powiat cieszyński";9855865;30754951;11449786;17066151;;1599168;6676975;2475132;2689630;;5730997;14424833;8161790;8519569;;2525700;7521501;0;5559952;;0;2131642;0;0;;
2404000;"Powiat częstochowski";0;0;787360;0;;0;0;0;0;;0;0;0;0;;0;0;0;0;;0;0;0;0;;
2405000;"Powiat gliwicki";9756499;22325629;13569424;35736979;;360000;404348;682900;515000;;0;1397586;5752963;18969767;;4969999;17404654;4468561;14145212;;4426500;3119041;2665000;2107000;;
2406000;"Powiat kłobucki";0;0;0;0;;0;0;0;0;;0;0;0;0;;0;0;0;0;;0;0;0;0;;
2407000;"Powiat lubliniecki";3770000;0;0;3157375;;0;0;0;0;;600000;0;0;0;;1440000;0;0;1005070;;1730000;0;0;2019375;;
2408000;"Powiat mikołowski";7981494;10910027;23858729;43910043;;325772;363900;2650805;9223366;;1997602;4433027;11960351;18537770;;4394620;3018500;7413602;12567907;;1263500;3094600;1833971;3581000;;
2409000;"Powiat myszkowski";7678519;2057987;3586317;5039762;;0;461242;649356;3682600;;2916837;1076495;1845958;1167162;;4320312;0;1091003;0;;0;0;0;0;;
2410000;"Powiat pszczyński";8574020;11368246;3265657;14742889;;1688810;2023636;0;435901;;5417490;5275531;1840657;5703245;;1467720;3739079;1210000;6928600;;0;0;0;1675143;;
2411000;"Powiat raciborski";747256;3705500;5854155;11317115;;0;2306200;2435187;4529866;;578610;915300;3103968;4548809;;0;484000;0;0;;0;0;0;1768440;;
2412000;"Powiat rybnicki";0;2889450;1662190;0;;0;223000;0;0;;0;1879850;1171900;0;;0;0;0;0;;0;0;0;0;;
2413000;"Powiat tarnogórski";19086927;30029353;38204906;26671242;;1642327;4352488;755310;435630;;8956245;13975709;5564672;3413194;;3834592;4945402;16596753;9672679;;4653763;6755754;15288171;13149739;;
2414000;"Powiat bieruńsko-lędziński";1128058;400140;765000;695000;;639158;400140;0;416000;;488900;0;0;0;;0;0;0;0;;0;0;0;0;;
2415000;"Powiat wodzisławski";0;234000;2111804;1883000;;0;234000;0;383000;;0;0;0;837000;;0;0;1432989;663000;;0;0;0;0;;
2416000;"Powiat zawierciański";0;0;0;0;;0;0;0;0;;0;0;0;0;;0;0;0;0;;0;0;0;0;;
2417000;"Powiat żywiecki";4655566;0;0;1122500;;495683;0;0;0;;3230103;0;0;772500;;929780;0;0;0;;0;0;0;0;;
2461000;"Powiat m. Bielsko-Biała";40998114;75018610;56783167;92296106;;3428428;3615627;6461511;8990286;;19211691;31673077;27000149;41785702;;10696664;24845843;17241066;27269963;;7661331;14884063;6080441;14250155;;
2462000;"Powiat m. Bytom";6739869;10552805;7932273;24875813;;1290331;2235493;2450127;5786334;;2488284;6613845;3210986;8216669;;2215343;1443467;947000;4815410;;0;0;1324160;6057400;;
2463000;"Powiat m. Chorzów";34181270;46605877;65128021;35378009;;1512994;1741548;1620300;4493405;;10809167;19759709;27582842;12928217;;14260454;19293058;23580865;14424847;;7598655;5811562;12344014;3531540;;
2464000;"Powiat m. Częstochowa";34965139;62698686;106527459;78541362;;2811993;4374799;11921558;8626804;;14667487;16491372;39056943;30983558;;13311940;20799619;41374095;30395944;;4173719;21032896;14174863;8535056;;
2465000;"Powiat m. Dąbrowa Górnicza";10017872;16760595;32835345;50353652;;0;971677;3015071;4382355;;748745;2563730;15810356;19324793;;3385250;7747389;8435667;11855444;;5751877;5477799;5574251;14791060;;
2466000;"Powiat m. Gliwice";126566666;145997189;210338239;243198400;;9898357;6451922;16071011;34242133;;47272078;45576333;76463130;106981213;;41038105;62097671;77333553;54513507;;28358126;31871263;40470545;47461547;;
2467000;"Powiat m. Jastrzębie-Zdrój";0;997000;0;4311752;;0;308000;0;0;;0;0;0;835000;;0;0;0;0;;0;0;0;3235752;;
2468000;"Powiat m. Jaworzno";3531042;4446800;2498838;9296745;;539077;986100;0;1113600;;781915;1618800;1186500;2712975;;2210050;1841900;932438;4600170;;0;0;0;0;;
2469000;"Powiat m. Katowice";43307943;60613126;35840841;37808984;;6804168;8445713;7509770;10910990;;17339234;18592663;15104838;15044813;;10453187;12136951;4343500;5929181;;8711354;21437799;8882733;5924000;;
2470000;"Powiat m. Mysłowice";17250577;39144779;21093400;11656496;;525500;1192607;735016;897000;;5573779;8333372;8492198;4731876;;6738351;19759980;8775243;2188910;;4412947;9858820;3090943;3838710;;
2471000;"Powiat m. Piekary Śląskie";10772457;1689415;4382952;17036247;;454474;278187;295215;362090;;3096353;797930;2089324;8769314;;6467655;613298;1998413;5934421;;0;0;0;1970422;;
2472000;"Powiat m. Ruda Śląska";5919136;11479808;15387059;22346040;;1374620;2114414;2532278;4617240;;2574346;3282872;5147141;9809942;;1510170;2090110;5942310;4450607;;0;3992412;1765330;3468251;;
2473000;"Powiat m. Rybnik";19091363;14043254;16372387;67325887;;268000;1272614;764120;6347240;;4946627;5869565;5098645;22018242;;8965736;5582899;6180622;25792723;;4911000;1318176;4329000;13167682;;
2474000;"Powiat m. Siemianowice Śląskie";16113746;31879757;14492403;50404967;;4244969;2103888;1971269;4683458;;3527910;10736451;5045980;22035009;;5675631;14201001;4882454;19250734;;2665236;4838417;2592700;4435766;;
2475000;"Powiat m. Sosnowiec";10743726;21380440;61183342;107839861;;1569796;5907217;11863704;24551859;;2608979;9390828;39816631;42379867;;3859190;6082395;7612025;34599302;;2705761;0;1890982;6308833;;
2476000;"Powiat m. Świętochłowice";1975167;627500;19820954;39455476;;395000;263500;0;1543640;;767167;0;14338594;11154842;;0;0;4937360;20525794;;0;0;0;6231200;;
2477000;"Powiat m. Tychy";82678602;59055818;153144726;111966946;;7087897;14996480;38387943;11259851;;49486910;23903849;79241057;46019455;;18299380;11730285;23479606;27840979;;7804415;8425204;12036120;26846661;;
2478000;"Powiat m. Zabrze";19930125;45272875;41996369;76947016;;1031529;2838697;5969430;6924468;;8080957;11062705;12774204;17561205;;7871639;23709425;17512159;39464871;;2946000;7662048;5740576;12996472;;
2479000;"Powiat m. Żory";9291532;4544292;6488364;41199731;;0;0;1000226;7716394;;3023818;623400;1645700;10314561;;4768800;0;2858838;17923982;;1155852;3058992;0;5244794;;
2600000;"ŚWIĘTOKRZYSKIE";204725132;240406287;426862419;426603738;;29039263;23538317;47461280;49532587;;85771783;97723118;158757061;172881883;;65434327;76234962;156273985;138003467;;24479759;42909890;64370093;66185801;;
2601000;"Powiat buski";2254971;3397080;4246591;12836791;;0;0;791923;2706606;;0;1043664;1277380;6823717;;658800;1265738;1274751;2737274;;1436171;0;0;0;;
2602000;"Powiat jędrzejowski";872500;0;3190598;1722748;;0;0;0;701500;;582500;0;0;1021248;;0;0;2425298;0;;0;0;0;0;;
2603000;"Powiat kazimierski";0;0;0;0;;0;0;0;0;;0;0;0;0;;0;0;0;0;;0;0;0;0;;
2604000;"Powiat kielecki";0;12255824;7754956;31373429;;0;0;0;4332326;;0;4290814;2509600;15583782;;0;6377010;3937356;7677199;;0;1588000;1308000;3780122;;
2605000;"Powiat konecki";1218000;940000;2467600;0;;852000;0;1119600;0;;0;820000;1348000;0;;0;0;0;0;;0;0;0;0;;
2606000;"Powiat opatowski";4063482;709974;2169247;4715403;;482696;0;0;0;;2482338;587680;1875710;2213050;;747088;0;0;1595848;;0;0;0;0;;
2607000;"Powiat ostrowiecki";0;0;0;8306212;;0;0;0;606500;;0;0;0;3193165;;0;0;0;3635547;;0;0;0;0;;
2608000;"Powiat pińczowski";0;0;0;0;;0;0;0;0;;0;0;0;0;;0;0;0;0;;0;0;0;0;;
2609000;"Powiat sandomierski";0;0;0;2238373;;0;0;0;0;;0;0;0;828038;;0;0;0;0;;0;0;0;0;;
2610000;"Powiat skarżyski";348000;1639637;495000;0;;0;0;0;0;;348000;0;0;0;;0;0;0;0;;0;1169353;0;0;;
2611000;"Powiat starachowicki";2963943;0;0;3432985;;0;0;0;342375;;1786257;0;0;897480;;986686;0;0;2193130;;0;0;0;0;;
2612000;"Powiat staszowski";0;0;5818485;8715442;;0;0;682427;705681;;0;0;2055672;4665618;;0;0;3080386;2148143;;0;0;0;1196000;;
2613000;"Powiat włoszczowski";0;0;0;0;;0;0;0;0;;0;0;0;0;;0;0;0;0;;0;0;0;0;;
2661000;"Powiat m. Kielce";192848836;220733872;400362127;352795355;;27198167;22727515;44747330;39388833;;80206688;90033776;148707584;137348785;;62751753;68592214;145262657;117418326;;22692228;39380367;61644556;58639411;;
2800000;"WARMIŃSKO-MAZURSKIE";661052066;646910762;799516804;870861463;;72001258;70640572;66214698;97149306;;309874034;305295379;396426353;370235438;;195183427;221206276;252730663;262461610;;83993347;49768535;84145090;141015109;;
2801000;"Powiat bartoszycki";4941436;714870;1408335;5398034;;528510;0;0;0;;4044926;0;966373;3924020;;0;0;0;1043598;;0;0;0;0;;
2802000;"Powiat braniewski";1616665;0;3491294;0;;0;0;0;0;;568654;0;1584294;0;;635465;0;0;0;;0;0;1289657;0;;
2803000;"Powiat działdowski";18303958;14912291;16509120;9948092;;2038009;1640726;1931897;2372880;;7715773;4379509;8090701;6743212;;8021501;8892056;6191522;832000;;0;0;0;0;;
2804000;"Powiat elbląski";0;4389875;0;1898267;;0;0;0;0;;0;2557151;0;1409267;;0;1832724;0;0;;0;0;0;0;;
2805000;"Powiat ełcki";27080685;68328517;70559907;108182022;;1349175;5191591;2100976;7415050;;5782665;20153161;29939848;52170701;;12647366;25619491;28065268;34831365;;7301479;17364274;10453815;13764906;;
2806000;"Powiat giżycki";22522783;21949758;83124648;36073306;;2166442;1910208;2547460;722700;;6672261;10804733;33438202;7155979;;12151414;5672114;41009210;22250647;;1532666;3562703;6129776;5943980;;
2807000;"Powiat iławski";131826874;54143762;22082129;36604553;;13803075;4227337;4820398;3942252;;69536177;30635352;10314574;19853482;;31898213;17274036;6947157;12318819;;16589409;2007037;0;0;;
2808000;"Powiat kętrzyński";3099596;6872790;3940586;6041094;;927319;502083;540112;756999;;2172277;4470176;1805466;2401568;;0;1474778;1595008;1721345;;0;0;0;1161182;;
2809000;"Powiat lidzbarski";0;465000;0;0;;0;0;0;0;;0;465000;0;0;;0;0;0;0;;0;0;0;0;;
2810000;"Powiat mrągowski";1732568;1908766;995050;5507056;;0;0;0;0;;1732568;0;0;4132055;;0;1115300;0;1155001;;0;0;0;0;;
2811000;"Powiat nidzicki";7982404;16119431;8349346;6057030;;0;1522061;0;0;;5180927;7247813;5793254;4197030;;2421664;7349557;2347515;0;;0;0;0;1360000;;
2812000;"Powiat nowomiejski";6092348;2765220;2154981;516801;;1215831;0;0;0;;4630810;2523220;1873004;516801;;0;0;0;0;;0;0;0;0;;
2813000;"Powiat olecki";17134835;2145245;0;0;;785799;0;0;0;;8354786;1564052;0;0;;7453834;0;0;0;;0;0;0;0;;
2814000;"Powiat olsztyński";140515203;146834119;118111898;192981957;;13843952;24561798;9975904;40548297;;76680077;70820847;44684418;69051066;;26263694;45833218;33452374;44145457;;23727480;5618256;29999202;39237137;;
2815000;"Powiat ostródzki";29337551;1363885;57875256;23641871;;4956842;0;314260;1128634;;12504237;932545;36860413;11528273;;11536921;0;17482429;8206247;;0;0;3218154;2778717;;
2816000;"Powiat piski";1041441;747200;0;4319785;;0;0;0;0;;664501;747200;0;3272051;;0;0;0;1047734;;0;0;0;0;;
2817000;"Powiat szczycieński";8693268;14657815;13177996;13147661;;2225255;2472565;2674759;2999549;;5800034;10081250;8021472;9220374;;0;1274000;1849365;927738;;0;830000;0;0;;
2818000;"Powiat gołdapski";7208073;9007860;2053351;0;;714481;1456842;685616;0;;2878038;3749825;630882;0;;3615554;3801193;736853;0;;0;0;0;0;;
2819000;"Powiat węgorzewski";2335112;6302731;1946483;10977354;;0;0;686299;2895888;;789995;4442600;483184;5392423;;638117;1670131;777000;2689043;;0;0;0;0;;
2861000;"Powiat m. Elbląg";69907788;51498373;93494785;63557601;;5613563;5244284;4163021;8004615;;22128588;19731175;49541010;21252014;;26417705;22129597;32223988;22141077;;15747932;4393317;7566766;12159895;;
2862000;"Powiat m. Olsztyn";159263478;221568254;299499639;345082699;;21389459;20873043;34552028;25238026;;71740740;109703820;162000258;147598842;;50200332;76091262;78578033;108326539;;15932947;14900129;24369320;63919292;;
3000000;"WIELKOPOLSKIE";2882797069;2096921713;2653051408;3285137114;;345859823;205061651;300712870;407821594;;1230110740;832956017;1050732767;1373909886;;848309188;575323494;656972846;864958957;;458517318;483580551;644632925;638446677;;
3001000;"Powiat chodzieski";564135;1474580;5126783;8073711;;0;0;556700;2179729;;0;871220;2101403;3136412;;0;0;2468680;2757570;;0;0;0;0;;
3002000;"Powiat czarnkowsko-trzcianecki";719340;16228881;5288114;0;;0;0;1004886;0;;0;7586773;2790542;0;;0;8498108;1492686;0;;0;0;0;0;;
3003000;"Powiat gnieźnieński";28958100;47220965;57178688;103109566;;4262603;6682602;3623138;9764338;;17370769;20941063;30068213;47135924;;4420933;11205932;15556337;29028539;;2903795;8391368;7931000;17180765;;
3004000;"Powiat gostyński";17082314;24779786;7211700;41049791;;599500;1252400;403500;3864005;;11567424;17074486;3495700;26797426;;4385390;4570900;1571500;6630160;;0;1882000;1741000;3758200;;
3005000;"Powiat grodziski";9378630;9804033;13935095;14483620;;2753400;390207;719131;2243934;;5532730;6283257;10275813;10587686;;762500;3130569;2214151;1652000;;0;0;0;0;;
3006000;"Powiat jarociński";16863223;13378257;33099690;64691506;;0;2534116;9627967;8822172;;7463851;4226458;18717443;37230987;;5335740;3385682;2924144;12157676;;3895432;3232001;1830136;6480671;;
3007000;"Powiat kaliski";0;2010000;0;0;;0;0;0;0;;0;0;0;0;;0;928000;0;0;;0;1082000;0;0;;
3008000;"Powiat kępiński";10255770;2348190;17907527;34898441;;1013656;0;4014480;4854894;;4333055;1738190;9976324;15225384;;4584059;0;2357725;11771003;;0;0;1558998;3047160;;
3009000;"Powiat kolski";0;671237;5284808;2168500;;0;0;547638;466000;;0;671237;2901510;1232500;;0;0;1835660;0;;0;0;0;0;;
3010000;"Powiat koniński";4650857;1034600;0;0;;1416325;0;0;0;;2093837;0;0;0;;560695;0;0;0;;0;0;0;0;;
3011000;"Powiat kościański";24095173;14419765;37486445;13575720;;4410467;2200359;3648852;2308265;;13880169;9134791;22457188;6861021;;4488537;2356815;7912405;1692834;;1316000;0;3468000;2713600;;
3012000;"Powiat krotoszyński";11768790;23682066;21832043;7025075;;833518;4463966;2691495;0;;5310927;11784469;9777467;3733200;;5624345;7433631;9363081;3149600;;0;0;0;0;;
3013000;"Powiat leszczyński";16040893;11526301;24477336;30773451;;1098010;1312800;5513830;6621344;;4981435;0;5725092;3132654;;2026676;2324600;10473070;9494743;;7934772;7669001;2765344;11524710;;
3014000;"Powiat międzychodzki";1756402;948348;4192500;8553910;;0;0;0;1628000;;776402;0;1223000;2188910;;980000;555348;1233500;3507000;;0;0;1636000;1230000;;
3015000;"Powiat nowotomyski";15066841;2083500;17460727;3312039;;0;0;547318;0;;9728293;0;9396039;1261103;;5082656;1443687;7227370;1579936;;0;0;0;0;;
3016000;"Powiat obornicki";22525222;26901287;38377337;30362559;;0;0;1473156;0;;15696063;16207436;28686533;15421503;;5964671;8982613;5209082;8448704;;0;1711238;3008566;6331312;;
3017000;"Powiat ostrowski";50950023;29393491;53097700;72685376;;4125734;3394092;7138158;5108303;;30501210;18724785;30335300;43451203;;15919955;7027233;13906242;21239870;;0;0;1718000;2886000;;
3018000;"Powiat ostrzeszowski";12960692;1036000;11104929;0;;1003378;0;0;0;;8898706;1036000;8469929;0;;2428608;0;1885000;0;;0;0;0;0;;
3019000;"Powiat pilski";35944016;31637911;81476324;125779271;;7217139;5563331;17450661;22294694;;10849362;13400954;27601842;40582383;;13555356;5279341;21420004;38785721;;4322159;7394285;15003817;24116473;;
3020000;"Powiat pleszewski";884100;5424304;4565985;10841040;;0;704472;0;0;;0;3362496;2221456;0;;0;1357336;1205511;8322032;;0;0;877946;2383008;;
3021000;"Powiat poznański";672489984;806201374;846199874;438141406;;36115563;15439455;21790422;19484675;;141026705;159063386;176152755;76305819;;286103391;297084385;254938682;94950385;;209244325;334614148;393318015;247400527;;
3022000;"Powiat rawicki";16820466;16827147;16982430;4970920;;4105680;2037367;2315505;0;;4705723;8193438;7897236;1079000;;7459063;6596342;4041166;0;;0;0;2728523;3249000;;
3023000;"Powiat słupecki";0;243250;0;0;;0;243250;0;0;;0;0;0;0;;0;0;0;0;;0;0;0;0;;
3024000;"Powiat szamotulski";27332341;44777677;52191825;58846569;;2562306;3803323;8575369;9903462;;12852243;24648496;16706049;17485488;;9509892;10209845;11864575;9784567;;2407900;6116013;15045832;21673052;;
3025000;"Powiat średzki";43817469;34526482;13504614;36461738;;4412767;1655627;0;4366480;;23407976;15387802;4789700;15618785;;15632706;16602149;7790139;11398049;;0;880904;0;5078424;;
3026000;"Powiat śremski";34841624;22200065;41464537;15427747;;2468704;2009370;8916952;2430938;;20698034;14415486;23883119;7450495;;5354084;4110933;4547311;2751312;;6320802;1664276;4117155;2795002;;
3027000;"Powiat turecki";1380200;1527788;2492852;5736864;;0;0;512952;0;;1280200;1449500;1182000;1708000;;0;0;797900;3925350;;0;0;0;0;;
3028000;"Powiat wągrowiecki";13660851;13403651;14309616;30626999;;0;518400;1000011;3355380;;10605194;10525441;6903668;13891070;;1993557;807910;3238637;8145049;;1062100;1551900;3167300;5235500;;
3029000;"Powiat wolsztyński";11850300;1793800;16593840;20504380;;0;0;0;0;;6776800;1543800;9439094;12790697;;4043500;0;7154746;7713683;;1030000;0;0;0;;
3030000;"Powiat wrzesiński";83548746;77487143;107593266;66666086;;8387403;6575121;13115550;7187090;;47651940;47225456;60412166;36200891;;21812406;15599552;28710525;15184145;;5696997;8087014;5355025;8093960;;
3031000;"Powiat złotowski";7232825;8664523;6431535;3359638;;0;1573069;407871;498000;;4721752;4659182;3710548;2271638;;1936073;2432272;1186116;0;;0;0;1127000;0;;
3061000;"Powiat m. Kalisz";37892645;31638020;17106499;32194992;;3742710;771697;1946436;6246050;;17623847;26472989;8108427;10662204;;14460396;3879787;6241636;14891738;;2065692;0;0;0;;
3062000;"Powiat m. Konin";20043426;6661714;14436732;54686632;;3444243;0;1770461;7196148;;8964589;2137740;8440335;35953857;;6138541;3445610;4225936;9448387;;1496053;871000;0;2088240;;
3063000;"Powiat m. Leszno";29114671;53529774;64639703;84168038;;2265610;10572173;13405021;7913915;;15873712;18058951;25315354;24770238;;8283395;14729085;15671182;22813682;;2691954;10169565;10248146;28670203;;
3064000;"Powiat m. Poznań";1601786000;711435803;999403354;1861026024;;248326015;130668767;167009563;268330949;;763778542;365028022;471431522;859193903;;388834558;130698904;196308147;501856302;;200846885;85040110;164654122;231644870;;
3200000;"ZACHODNIOPOMORSKIE";1257409592;985435953;734394222;1155091031;;263566149;238608544;169300622;317012095;;512380764;381064205;343095395;424566274;;290430928;224641486;137073515;233419339;;191031751;141121718;84924690;180093323;;
3201000;"Powiat białogardzki";5283363;1780254;5823330;4085386;;0;0;0;435235;;2800269;1051255;4874510;1767003;;1744966;0;948820;1883148;;0;0;0;0;;
3202000;"Powiat choszczeński";6819852;6524725;4915203;2834250;;0;0;0;0;;3014171;2369843;809835;643500;;2834642;3749907;3041108;1751850;;971039;0;0;0;;
3203000;"Powiat drawski";804700;1674400;0;0;;0;0;0;0;;0;0;0;0;;0;0;0;0;;0;1430000;0;0;;
3204000;"Powiat goleniowski";2593939;28380513;6394540;12786283;;787193;3006645;0;0;;1806746;8074454;4814350;9581525;;0;13016651;0;2777658;;0;4282763;1260486;0;;
3205000;"Powiat gryficki";2831910;4856555;12180530;58741745;;0;0;1388139;10971769;;1112884;442226;3131937;28681883;;1280821;4139329;3917361;16376853;;0;0;3743093;2711240;;
3206000;"Powiat gryfiński";5501770;11215330;5440791;37958718;;0;0;718000;4425018;;0;0;3132791;23189359;;0;2964800;1091000;5977061;;5254000;8250530;0;4367280;;
3207000;"Powiat kamieński";86382062;83031488;154455593;92451887;;32422996;53459029;50107911;53240787;;40727624;26439036;88177683;23122930;;7930693;0;7393573;7048697;;5300749;0;8776426;9039473;;
3208000;"Powiat kołobrzeski";201642270;105613734;78951814;474932442;;83346592;33042658;17905095;147491218;;80952758;55441351;47838016;188942671;;22882125;13293030;12394063;83819591;;14460795;3836695;0;54678962;;
3209000;"Powiat koszaliński";140256025;99345315;95690777;93785886;;23683060;35705132;35167311;33248607;;69907503;48875083;48972284;30082580;;17230962;10043799;6873932;24411384;;29434500;4721301;4677250;6043315;;
3210000;"Powiat myśliborski";7348393;5503252;10759047;17135494;;0;1027984;1014592;2527288;;1843134;3217899;3841469;5267510;;3524818;0;4535632;7290819;;1651780;1257369;1367354;2049877;;
3211000;"Powiat policki";44852215;86360818;66976697;119392777;;2641878;1640853;6451171;2590744;;12097444;15597090;14259553;23449421;;14549170;25053382;22690870;32100752;;15563723;44069493;23575103;61251860;;
3212000;"Powiat pyrzycki";0;8528789;3117822;0;;0;509178;0;0;;0;2168595;1392674;0;;0;5851016;1725148;0;;0;0;0;0;;
3213000;"Powiat sławieński";10217641;34428126;36330472;44771390;;3938412;14636384;21226046;22242905;;6279229;15373412;7780155;8635453;;0;2232702;2079311;1729000;;0;0;5244960;12164032;;
3214000;"Powiat stargardzki";53384448;31088897;83979033;70238319;;12540773;6367925;13720627;8892472;;22109825;14290616;44863672;37570779;;14338468;3240309;19396664;19673342;;4395382;7190047;5998070;4101726;;
3215000;"Powiat szczecinecki";14471353;20613525;54725790;34595184;;301250;4356921;3887425;4994675;;4969558;11471592;19060074;15261142;;8480145;2734952;22145098;9490440;;0;2050060;9633193;4848927;;
3216000;"Powiat świdwiński";5027655;0;1211020;757775;;0;0;0;0;;1665314;0;0;0;;1617144;0;0;0;;1594748;0;0;0;;
3217000;"Powiat wałecki";10263200;1450162;14223062;3436964;;0;0;1492868;0;;4446548;0;9969104;3073464;;1323307;0;1805090;0;;4082300;1068544;0;0;;
3218000;"Powiat łobeski";0;0;6552279;6634556;;0;0;0;0;;0;0;4608203;4527558;;0;0;1944076;2106998;;0;0;0;0;;
3261000;"Powiat m. Koszalin";2126238;3774260;0;0;;0;0;0;0;;1296838;1154860;0;0;;740400;2484400;0;0;;0;0;0;0;;
3262000;"Powiat m. Szczecin";612756315;395129604;16410376;20944788;;91889449;70546427;833000;6255476;;235749477;157119370;1669148;2941316;;183936364;121183558;1385307;3273376;;101181025;46280249;12522921;8474620;;
3263000;"Powiat m. Świnoujście";44706243;55941206;76076046;59277287;;10836391;13584508;15045437;18971701;;21213672;17852523;33644937;17544105;;7866903;13320904;23061272;13288370;;4789277;11183271;4324400;9473111;;
